<?xml version="1.0" encoding="utf-8"?>
<!--
ATENÇÃO! Este é o XML dos endereços dos webservices da NFC-e (NF-e modelo 65)
layout "3.10", portanto é incompatível com a versão "2.00" do layout da NF-e,
prevista para ser desativada em 01/12/2014.

ATENÇÃO!!! Em Julho/2014, vários endereços destes webservices ainda não foram
totalmente revisados e/ou estão incompletos, testar com cuidado conforme cada
UF/ambiente.
-->
<WS xmlns:xsi="http://www.w3.org/2001/XMLSchema-instance">
  <UF>
    <sigla>AM</sigla>
    <homologacao>
      <NfeAutorizacao method="nfeAutorizacaoLote" operation="NfeAutorizacao" version="3.10">https://homnfce.sefaz.am.gov.br/nfce-services/services/NfeAutorizacao</NfeAutorizacao>
      <NFeRetAutorizacao method="nfeRetAutorizacaoLote" operation="NFeRetAutorizacao" version="3.10">https://homnfe.sefaz.am.gov.br/services2/services/NfeRetAutorizacao</NFeRetAutorizacao>
      <NfeConsultaCadastro method="consultaCadastro2" operation="NfeConsultaCadastro" version="3.10">https://homnfce.sefaz.am.gov.br/nfce-services/services/cadconsultacadastro2</NfeConsultaCadastro>
      <NfeConsultaProtocolo method="nfeConsultaNF2" operation="NfeConsulta2" version="3.10">https://homnfce.sefaz.am.gov.br/nfce-services/services/NfeConsulta2</NfeConsultaProtocolo>
      <NfeConsultaQR method="QR-CODE" operation="NfeConsultaQR" version="1.00">http://homnfce.sefaz.am.gov.br/nfceweb/consultarNFCe.jsp</NfeConsultaQR>
      <NfeInutilizacao method="nfeInutilizacaoNF2" operation="NfeInutilizacao2" version="3.10">https://homnfce.sefaz.am.gov.br/nfce-services/services/NfeInutilizacao2</NfeInutilizacao>
      <NfeStatusServico method="nfeStatusServicoNF2" operation="NfeStatusServico2" version="3.10">https://homnfce.sefaz.am.gov.br/nfce-services/services/NfeStatusServico2</NfeStatusServico>
      <RecepcaoEvento method="nfeRecepcaoEvento" operation="RecepcaoEvento" version="1.00">https://homnfce.sefaz.am.gov.br/nfce-services/services/RecepcaoEvento</RecepcaoEvento>
    </homologacao>
    <producao>
      <NfeAutorizacao method="nfeAutorizacaoLote" operation="NfeAutorizacao" version="3.10">https://nfce.sefaz.am.gov.br/nfce-services/services/NfeAutorizacao</NfeAutorizacao>
      <NfeRetAutorizacao method="nfeRetAutorizacaoLote" operation="NfeRetAutorizacao" version="3.10">https://nfe.sefaz.am.gov.br/services2/services/NfeRetAutorizacao</NfeRetAutorizacao>
      <NfeConsultaCadastro method="consultaCadastro2" operation="NfeConsultaCadastro" version="2.00"></NfeConsultaCadastro>
      <NfeConsultaProtocolo method="nfeConsultaNF2" operation="NfeConsulta2" version="2.01">https://nfce.sefaz.am.gov.br/nfce-services/services/NfeConsulta2</NfeConsultaProtocolo>
      <NfeConsultaQR method="QR-CODE" operation="NfeConsultaQR" version="1.00">http://sistemas.sefaz.am.gov.br/nfceweb/consultarNFCe.jsp</NfeConsultaQR>      
      <NfeInutilizacao method="nfeInutilizacaoNF2" operation="NfeInutilizacao2" version="3.10">https://nfce.sefaz.am.gov.br/nfce-services/services/NfeInutilizacao2</NfeInutilizacao>
      <NfeStatusServico method="nfeStatusServicoNF2" operation="NfeStatusServico" version="3.10">https://nfce.sefaz.am.gov.br/nfce-services/services/NfeStatusServico2</NfeStatusServico>
      <RecepcaoEvento method="nfeRecepcaoEvento" operation="RecepcaoEvento" version="1.00">https://nfce.sefaz.am.gov.br/nfce-services/services/RecepcaoEvento</RecepcaoEvento>
    </producao>
  </UF>
  <UF>
    <sigla>AN</sigla>
    <homologacao>
      <NfeConsultaDest method="nfeConsultaNFDest" operation="NfeConsultaDest" version="1.01">https://hom.nfe.fazenda.gov.br/NFeConsultaDest/NFeConsultaDest.asmx</NfeConsultaDest>
      <NFeDistribuicaoDFe method="nfeDistDFeInteresse" operation="NFeDistribuicaoDFe" version="1.00">https://hom.nfe.fazenda.gov.br/NFeDistribuicaoDFe/NFeDistribuicaoDFe.asmx</NFeDistribuicaoDFe>
      <NfeDownloadNF method="nfeDownloadNF" operation="NfeDownloadNF" version="3.10">https://hom.nfe.fazenda.gov.br/NfeDownloadNF/NfeDownloadNF.asmx</NfeDownloadNF>
      <RecepcaoEvento method="nfeRecepcaoEvento" operation="RecepcaoEvento" version="3.10">https://hom.nfe.fazenda.gov.br/RecepcaoEvento/RecepcaoEvento.asmx</RecepcaoEvento>            
    </homologacao>
    <producao>
      <NfeConsultaDest method="nfeConsultaNFDest" operation="NfeConsultaDest" version="1.01">https://www.nfe.fazenda.gov.br/NFeConsultaDest/NFeConsultaDest.asmx</NfeConsultaDest>
      <!-- TODO fmertins 06/11/14: falta a publicação do WS "NFeDistribuicaoDFe" ambiente de produção -->
      <NfeDownloadNF method="nfeDownloadNF" operation="NfeDownloadNF" version="3.10">https://www.nfe.fazenda.gov.br/NfeDownloadNF/NfeDownloadNF.asmx</NfeDownloadNF>
      <RecepcaoEvento method="nfeRecepcaoEvento" operation="RecepcaoEvento" version="3.10">https://www.nfe.fazenda.gov.br/RecepcaoEvento/RecepcaoEvento.asmx</RecepcaoEvento>            
    </producao>
  </UF>
  <UF>
    <sigla>BA</sigla>
    <homologacao>
      <NfeInutilizacao method="nfeInutilizacaoNF2" operation="NfeInutilizacao2" version="3.10"></NfeInutilizacao>
      <NfeConsultaProtocolo method="nfeConsultaNF2" operation="NfeConsulta" version="3.10"></NfeConsultaProtocolo>
      <NfeStatusServico method="nfeStatusServicoNF2" operation="NfeStatusServico2" version="3.10"></NfeStatusServico>
      <NfeConsultaCadastro method="consultaCadastro2" operation="NfeConsultaCadastro" version="3.10"></NfeConsultaCadastro>
      <RecepcaoEvento method="nfeRecepcaoEvento" operation="RecepcaoEvento" version="1.00"></RecepcaoEvento>
      <NfeConsultaQR method="QR-CODE" operation="NfeConsultaQR" version="3.10"></NfeConsultaQR>
      <NfeConsultaDest method="nfeConsultaNFDest" operation="NfeConsultaDest" version="3.10"></NfeConsultaDest>
      <NfeDownloadNF method="nfeDownloadNF" operation="NfeDownloadNF" version="3.10"></NfeDownloadNF>
    </homologacao>
    <producao>
      <NfeInutilizacao method="nfeInutilizacaoNF2" operation="" version="3.10"></NfeInutilizacao>
      <NfeConsultaProtocolo method="nfeConsultaNF2" operation="" version="3.10"></NfeConsultaProtocolo>
      <NfeStatusServico method="nfeStatusServicoNF2" operation="" version="3.10"></NfeStatusServico>
      <NfeConsultaCadastro method="consultaCadastro2" operation="" version="3.10"></NfeConsultaCadastro>
      <RecepcaoEvento method="nfeRecepcaoEvento" operation="" version="1.00"></RecepcaoEvento>
      <NfeConsultaQR method="QR-CODE" operation="" version="3.10"></NfeConsultaQR>
      <NfeConsultaDest method="nfeConsultaNFDest" operation="" version="3.10"></NfeConsultaDest>
      <NfeDownloadNF method="nfeDownloadNF" operation="" version="3.10"></NfeDownloadNF>
    </producao>
  </UF>
  <UF>
    <sigla>CE</sigla>
    <homologacao>
      <NfeInutilizacao method="nfeInutilizacaoNF2" operation="" version="3.10"></NfeInutilizacao>
      <NfeConsultaProtocolo method="nfeConsultaNF2" operation="" version="3.10"></NfeConsultaProtocolo>
      <NfeStatusServico method="nfeStatusServicoNF2" operation="" version="3.10"></NfeStatusServico>
      <NfeConsultaCadastro method="consultaCadastro2" operation="" version="3.10"></NfeConsultaCadastro>
      <RecepcaoEvento method="nfeRecepcaoEvento" operation="" version="3.10"></RecepcaoEvento>
      <NfeConsultaQR method="QR-CODE" operation="" version="3.10"></NfeConsultaQR>
      <NfeConsultaDest method="nfeConsultaNFDest" operation="" version="3.10"></NfeConsultaDest>
      <NfeDownloadNF method="nfeDownloadNF" operation="" version="3.10"></NfeDownloadNF>
    </homologacao>
    <producao>
      <NfeInutilizacao method="nfeInutilizacaoNF2" operation="" version="3.10"></NfeInutilizacao>
      <NfeConsultaProtocolo method="nfeConsultaNF2" operation="" version="3.10"></NfeConsultaProtocolo>
      <NfeStatusServico method="nfeStatusServicoNF2" operation="" version="3.10"></NfeStatusServico>
      <NfeConsultaCadastro method="consultaCadastro2" operation="" version="3.10"></NfeConsultaCadastro>
      <RecepcaoEvento method="nfeRecepcaoEvento" operation="" version="3.10"></RecepcaoEvento>
      <NfeConsultaQR method="QR-CODE" operation="" version="3.10"></NfeConsultaQR>
      <NfeConsultaDest method="nfeConsultaNFDest" operation="" version="3.10"></NfeConsultaDest>
      <NfeDownloadNF method="nfeDownloadNF" operation="" version="3.10"></NfeDownloadNF>
    </producao>
  </UF>
  <UF>
    <sigla>GO</sigla>
    <homologacao>
      <NfeInutilizacao method="nfeInutilizacaoNF2" operation="" version="3.10"></NfeInutilizacao>
      <NfeConsultaProtocolo method="nfeConsultaNF2" operation="" version="3.10"></NfeConsultaProtocolo>
      <NfeStatusServico method="nfeStatusServicoNF2" operation="" version="3.10"></NfeStatusServico>
      <NfeConsultaCadastro method="consultaCadastro2" operation="" version="3.10"></NfeConsultaCadastro>
      <RecepcaoEvento method="nfeRecepcaoEvento" operation="" version="3.10"></RecepcaoEvento>
      <NfeConsultaQR method="QR-CODE" operation="" version="3.10"></NfeConsultaQR>
      <NfeConsultaDest method="nfeConsultaNFDest" operation="" version="3.10"></NfeConsultaDest>
      <NfeDownloadNF method="nfeDownloadNF" operation="" version="3.10"></NfeDownloadNF>
    </homologacao>
    <producao>
      <NfeInutilizacao method="nfeInutilizacaoNF2" operation="" version="3.10"></NfeInutilizacao>
      <NfeConsultaProtocolo method="nfeConsultaNF2" operation="" version="3.10"></NfeConsultaProtocolo>
      <NfeStatusServico method="nfeStatusServicoNF2" operation="" version="3.10"></NfeStatusServico>
      <NfeConsultaCadastro method="consultaCadastro2" operation="" version="3.10"></NfeConsultaCadastro>
      <RecepcaoEvento method="nfeRecepcaoEvento" operation="" version="3.10"></RecepcaoEvento>
      <NfeConsultaQR method="QR-CODE" operation="" version="3.10"></NfeConsultaQR>
      <NfeConsultaDest method="nfeConsultaNFDest" operation="" version="3.10"></NfeConsultaDest>
      <NfeDownloadNF method="nfeDownloadNF" operation="" version="3.10"></NfeDownloadNF>
    </producao>
  </UF>
  <UF>
    <sigla>MA</sigla>
    <homologacao>
      <NfeConsultaQR method="QR-CODE" operation="" version="3.10">http://www.hom.nfce.sefaz.ma.gov.br/portal/consultarNFCe.jsp</NfeConsultaQR>
    </homologacao>
    <producao>
      <NfeConsultaQR method="QR-CODE" operation="" version="3.10">http://www.nfce.sefaz.ma.gov.br/portal/consultarNFCe.jsp</NfeConsultaQR>
    </producao>
  </UF>
  <UF>
    <sigla>MG</sigla>
    <homologacao>
      <NfeConsultaCadastro method="consultaCadastro2" operation="" version="3.10"></NfeConsultaCadastro>
      <NfeConsultaDest method="nfeConsultaNFDest" operation="" version="3.10"></NfeConsultaDest>
      <NfeConsultaProtocolo method="nfeConsultaNF2" operation="" version="3.10"></NfeConsultaProtocolo>
      <NfeConsultaQR method="QR-CODE" operation="" version="3.10"></NfeConsultaQR>
      <NfeDownloadNF method="nfeDownloadNF" operation="" version="3.10"></NfeDownloadNF>
      <NfeInutilizacao method="nfeInutilizacaoNF2" operation="" version="3.10"></NfeInutilizacao>
      <NfeStatusServico method="nfeStatusServicoNF2" operation="" version="3.10"></NfeStatusServico>
      <RecepcaoEvento method="nfeRecepcaoEvento" operation="" version="3.10"></RecepcaoEvento>
    </homologacao>
    <producao>
      <NfeConsultaCadastro method="consultaCadastro2" operation="" version="3.10"></NfeConsultaCadastro>
      <NfeConsultaDest method="nfeConsultaNFDest" operation="" version="3.10"></NfeConsultaDest>
      <NfeConsultaProtocolo method="nfeConsultaNF2" operation="" version="3.10"></NfeConsultaProtocolo>
      <NfeConsultaQR method="QR-CODE" operation="" version="3.10"></NfeConsultaQR>
      <NfeDownloadNF method="nfeDownloadNF" operation="" version="3.10"></NfeDownloadNF>
      <NfeInutilizacao method="nfeInutilizacaoNF2" operation="" version="3.10"></NfeInutilizacao>
      <NfeStatusServico method="nfeStatusServicoNF2" operation="" version="3.10"></NfeStatusServico>
      <RecepcaoEvento method="nfeRecepcaoEvento" operation="" version="3.10"></RecepcaoEvento>
    </producao>
  </UF>
  <UF>
    <sigla>MS</sigla>
    <homologacao>
      <NfeInutilizacao method="nfeInutilizacaoNF2" operation="" version="3.10"></NfeInutilizacao>
      <NfeConsultaProtocolo method="nfeConsultaNF2" operation="" version="3.10"></NfeConsultaProtocolo>
      <NfeStatusServico method="nfeStatusServicoNF2" operation="" version="3.10"></NfeStatusServico>
      <NfeConsultaCadastro method="consultaCadastro2" operation="" version="3.10"></NfeConsultaCadastro>
      <RecepcaoEvento method="nfeRecepcaoEvento" operation="" version="3.10"></RecepcaoEvento>
      <NfeConsultaQR method="QR-CODE" operation="" version="3.10"></NfeConsultaQR>
      <NfeConsultaDest method="nfeConsultaNFDest" operation="" version="3.10"></NfeConsultaDest>
      <NfeDownloadNF method="nfeDownloadNF" operation="" version="3.10"></NfeDownloadNF>
    </homologacao>
    <producao>
      <NfeInutilizacao method="nfeInutilizacaoNF2" operation="" version="3.10"></NfeInutilizacao>
      <NfeConsultaProtocolo method="nfeConsultaNF2" operation="" version="3.10"></NfeConsultaProtocolo>
      <NfeStatusServico method="nfeStatusServicoNF2" operation="" version="3.10"></NfeStatusServico>
      <NfeConsultaCadastro method="consultaCadastro2" operation="" version="3.10"></NfeConsultaCadastro>
      <RecepcaoEvento method="nfeRecepcaoEvento" operation="" version="3.10"></RecepcaoEvento>
      <NfeConsultaQR method="QR-CODE" operation="" version="3.10"></NfeConsultaQR>
      <NfeConsultaDest method="nfeConsultaNFDest" operation="" version="3.10"></NfeConsultaDest>
      <NfeDownloadNF method="nfeDownloadNF" operation="" version="3.10"></NfeDownloadNF>
    </producao>
  </UF>
  <UF>
    <sigla>MT</sigla>
    <homologacao>
      <NfeInutilizacao method="nfeInutilizacaoNF2" operation="" version="3.10">https://homologacao.sefaz.mt.gov.br/nfcews/services/NfeInutilizacao2</NfeInutilizacao>
      <NfeConsultaProtocolo method="nfeConsultaNF2" operation="" version="3.10">https://homologacao.sefaz.mt.gov.br/nfcews/services/NfeConsulta2</NfeConsultaProtocolo>
      <NfeStatusServico method="nfeStatusServicoNF2" operation="" version="3.10">https://homologacao.sefaz.mt.gov.br/nfcews/services/NfeStatusServico2</NfeStatusServico>
      <NfeConsultaCadastro method="consultaCadastro2" operation="" version="3.10"></NfeConsultaCadastro>
      <RecepcaoEvento method="nfeRecepcaoEvento" operation="" version="1.00">https://homologacao.sefaz.mt.gov.br/nfcews/services/RecepcaoEvento</RecepcaoEvento>
      <NfeConsultaQR method="QR-CODE" operation="" version="100">http://www.hom.nfe.sefaz.mt.gov.br/portal/consultarNFCe.jsp</NfeConsultaQR>      
      <NfeConsultaDest method="nfeConsultaNFDest" operation="" version="3.10"></NfeConsultaDest>
      <NfeDownloadNF method="nfeDownloadNF" operation="" version="3.10"></NfeDownloadNF>
    </homologacao>
    <producao>
      <NfeInutilizacao method="nfeInutilizacaoNF2" operation="" version="3.10">https://nfce.sefaz.mt.gov.br/nfcews/services/NfeInutilizacao2</NfeInutilizacao>
      <NfeConsultaProtocolo method="nfeConsultaNF2" operation="" version="3.10">https://nfce.sefaz.mt.gov.br/nfcews/services/NfeConsulta2</NfeConsultaProtocolo>
      <NfeStatusServico method="nfeStatusServicoNF2" operation="" version="3.10">https://nfce.sefaz.mt.gov.br/nfcews/services/NfeStatusServico2</NfeStatusServico>
      <NfeConsultaCadastro method="consultaCadastro2" operation="" version="3.10"></NfeConsultaCadastro>
      <RecepcaoEvento method="nfeRecepcaoEvento" operation="" version="1.00">https://nfce.sefaz.mt.gov.br/nfcews/services/RecepcaoEvento</RecepcaoEvento>
      <NfeConsultaQR method="QR-CODE" operation="" version="100">http://www.sefaz.mt.gov.br/nfe/portal/consultanfce</NfeConsultaQR>            
      <NfeConsultaDest method="nfeConsultaNFDest" operation="" version="3.10"></NfeConsultaDest>
      <NfeDownloadNF method="nfeDownloadNF" operation="" version="3.10"></NfeDownloadNF>
    </producao>
  </UF>
  <UF>
    <sigla>PE</sigla>
    <homologacao>
      <NfeInutilizacao method="nfeInutilizacaoNF2" operation="" version="3.10"></NfeInutilizacao>
      <NfeConsultaProtocolo method="nfeConsultaNF2" operation="" version="3.10"></NfeConsultaProtocolo>
      <NfeStatusServico method="nfeStatusServicoNF2" operation="" version="3.10"></NfeStatusServico>
      <NfeConsultaCadastro method="consultaCadastro2" operation="" version="3.10"></NfeConsultaCadastro>
      <RecepcaoEvento method="nfeRecepcaoEvento" operation="" version="3.10"></RecepcaoEvento>
      <NfeConsultaQR method="QR-CODE" operation="" version="3.10"></NfeConsultaQR>
      <NfeConsultaDest method="nfeConsultaNFDest" operation="" version="3.10"></NfeConsultaDest>
      <NfeDownloadNF method="nfeDownloadNF" operation="" version="3.10"></NfeDownloadNF>
    </homologacao>
    <producao>
      <NfeInutilizacao method="nfeInutilizacaoNF2" operation="" version="3.10"></NfeInutilizacao>
      <NfeConsultaProtocolo method="nfeConsultaNF2" operation="" version="3.10"></NfeConsultaProtocolo>
      <NfeStatusServico method="nfeStatusServicoNF2" operation="" version="3.10"></NfeStatusServico>
      <NfeConsultaCadastro method="consultaCadastro2" operation="" version="3.10"></NfeConsultaCadastro>
      <RecepcaoEvento method="nfeRecepcaoEvento" operation="" version="3.10"></RecepcaoEvento>
      <NfeConsultaQR method="QR-CODE" operation="" version="3.10"></NfeConsultaQR>
      <NfeConsultaDest method="nfeConsultaNFDest" operation="" version="3.10"></NfeConsultaDest>
      <NfeDownloadNF method="nfeDownloadNF" operation="" version="3.10"></NfeDownloadNF>
    </producao>
  </UF>
  <UF>
    <sigla>PR</sigla>
    <homologacao>
      <NfeInutilizacao method="nfeInutilizacaoNF2" operation="" version="3.10"></NfeInutilizacao>
      <NfeConsultaProtocolo method="nfeConsultaNF2" operation="" version="3.10"></NfeConsultaProtocolo>
      <NfeStatusServico method="nfeStatusServicoNF2" operation="" version="3.10"></NfeStatusServico>
      <NfeConsultaCadastro method="consultaCadastro2" operation="" version="3.10"></NfeConsultaCadastro>
      <RecepcaoEvento method="nfeRecepcaoEvento" operation="" version="3.10"></RecepcaoEvento>
      <NfeConsultaQR method="QR-CODE" operation="" version="3.10"></NfeConsultaQR>
      <NfeConsultaDest method="nfeConsultaNFDest" operation="" version="3.10"></NfeConsultaDest>
      <NfeDownloadNF method="nfeDownloadNF" operation="" version="3.10"></NfeDownloadNF>
    </homologacao>
    <producao>
      <NfeInutilizacao method="nfeInutilizacaoNF2" operation="" version="3.10"></NfeInutilizacao>
      <NfeConsultaProtocolo method="nfeConsultaNF2" operation="" version="3.10"></NfeConsultaProtocolo>
      <NfeStatusServico method="nfeStatusServicoNF2" operation="" version="3.10"></NfeStatusServico>
      <NfeConsultaCadastro method="consultaCadastro2" operation="" version="3.10"></NfeConsultaCadastro>
      <RecepcaoEvento method="nfeRecepcaoEvento" operation="" version="3.10"></RecepcaoEvento>
      <NfeConsultaQR method="QR-CODE" operation="" version="3.10"></NfeConsultaQR>
      <NfeConsultaDest method="nfeConsultaNFDest" operation="" version="3.10"></NfeConsultaDest>
      <NfeDownloadNF method="nfeDownloadNF" operation="" version="3.10"></NfeDownloadNF>
    </producao>
  </UF>
  <UF>
    <sigla>RN</sigla>
    <homologacao>
      <NfeConsultaQR method="QR-CODE" operation="" version="3.10">http://www.hom.nfe.rn.gov.br/portal/consultarNFCe.jsp</NfeConsultaQR>
    </homologacao>
    <producao>
      <NfeConsultaQR method="QR-CODE" operation="" version="3.10">http://www.nfe.rn.gov.br/portal/consultarNFCe.jsp</NfeConsultaQR>
    </producao>
  </UF>
  <UF>
    <sigla>RS</sigla>
    <homologacao>
      <NfeAutorizacao method="nfeAutorizacaoLote" operation="" version="3.10">https://homologacao.nfe.sefaz.rs.gov.br/ws/NfeAutorizacao/NFeAutorizacao.asmx</NfeAutorizacao>
      <NfeConsultaCadastro method="consultaCadastro2" operation="" version="3.10"></NfeConsultaCadastro>
      <NfeConsultaDest method="nfeConsultaNFDest" operation="" version="3.10">https://homologacao.nfe.sefaz.rs.gov.br/ws/nfeConsultaDest/nfeConsultaDest.asmx</NfeConsultaDest>
      <NfeConsultaProtocolo method="nfeConsultaNF2" operation="" version="3.10">https://homologacao.nfe.sefaz.rs.gov.br/ws/NfeConsulta/NfeConsulta2.asmx</NfeConsultaProtocolo>
      <NfeConsultaQR method="QR-CODE" operation="" version="3.10">https://www.sefaz.rs.gov.br/NFCE/NFCE-COM.aspx</NfeConsultaQR>      
      <NfeDownloadNF method="nfeDownloadNF" operation="" version="3.10">https://homologacao.nfe.sefaz.rs.gov.br/ws/nfeDownloadNF/nfeDownloadNF.asmx</NfeDownloadNF>
      <NfeInutilizacao method="nfeInutilizacaoNF2" operation="" version="3.10">https://homologacao.nfe.sefaz.rs.gov.br/ws/nfeinutilizacao/nfeinutilizacao2.asmx</NfeInutilizacao>
      <NfeRetAutorizacao method="nfeRetAutorizacaoLote" operation="" version="3.10">https://homologacao.nfe.sefaz.rs.gov.br/ws/NfeRetAutorizacao/NFeRetAutorizacao.asmx</NfeRetAutorizacao>
      <NfeStatusServico method="nfeStatusServicoNF2" operation="" version="3.10">https://homologacao.nfe.sefaz.rs.gov.br/ws/NfeStatusServico/NfeStatusServico2.asmx</NfeStatusServico>
      <RecepcaoEvento method="nfeRecepcaoEvento" operation="" version="1.00">https://homologacao.nfe.sefaz.rs.gov.br/ws/recepcaoevento/recepcaoevento.asmx</RecepcaoEvento>
    </homologacao>
    <producao>
      <NfeConsultaCadastro method="consultaCadastro2" operation="" version="3.10">https://sef.sefaz.rs.gov.br/ws/cadconsultacadastro/cadconsultacadastro2.asmx</NfeConsultaCadastro>
      <NfeConsultaDest method="nfeConsultaNFDest" operation="" version="3.10">https://nfe.sefaz.rs.gov.br/ws/nfeConsultaDest/nfeConsultaDest.asmx</NfeConsultaDest>
      <NfeConsultaProtocolo method="nfeConsultaNF2" operation="" version="3.10">https://nfe.sefaz.rs.gov.br/ws/NfeConsulta/NfeConsulta2.asmx</NfeConsultaProtocolo>
      <NfeConsultaQR method="QR-CODE" operation="" version="3.10">https://www.sefaz.rs.gov.br/NFCE/NFCE-COM.aspx</NfeConsultaQR>      
      <NfeDownloadNF method="nfeDownloadNF" operation="" version="3.10">https://nfe.sefaz.rs.gov.br/ws/nfeDownloadNF/nfeDownloadNF.asmx</NfeDownloadNF>
      <NfeInutilizacao method="nfeInutilizacaoNF2" operation="" version="3.10">https://nfe.sefaz.rs.gov.br/ws/nfeinutilizacao/nfeinutilizacao2.asmx</NfeInutilizacao>
      <NfeStatusServico method="nfeStatusServicoNF2" operation="" version="3.10">https://nfe.sefaz.rs.gov.br/ws/NfeStatusServico/NfeStatusServico2.asmx</NfeStatusServico>
      <RecepcaoEvento method="nfeRecepcaoEvento" operation="" version="1.00">https://nfe.sefaz.rs.gov.br/ws/recepcaoevento/recepcaoevento.asmx</RecepcaoEvento>
    </producao>
  </UF>
  <UF>
    <sigla>SE</sigla>
    <homologacao>
      <NfeConsultaQR method="QR-CODE" operation="" version="3.10">http://www.hom.nfe.se.gov.br/portal/consultarNFCe.jsp</NfeConsultaQR>
    </homologacao>
    <producao>
      <NfeConsultaQR method="QR-CODE" operation="" version="3.10">http://www.nfe.se.gov.br/portal/consultarNFCe.jsp</NfeConsultaQR>
    </producao>
  </UF>
  <UF>
    <sigla>SP</sigla>
    <homologacao>
      <NfeAutorizacao method="nfeAutorizacaoLote" operation="NfeAutorizacao" version="3.10"></NfeAutorizacao>
      <NfeConsultaCadastro method="consultaCadastro2" operation="NfeConsultaCadastro" version="3.10"></NfeConsultaCadastro>
      <NfeConsultaDest method="nfeConsultaNFDest" operation="NfeConsultaDest" version="3.10"></NfeConsultaDest>
      <NfeConsultaProtocolo method="nfeConsultaNF2" operation="NfeConsulta2" version="3.10"></NfeConsultaProtocolo>
      <NfeConsultaQR method="QR-CODE" operation="NfeConsultaQR" version="3.10"></NfeConsultaQR>      
      <NfeDownloadNF method="nfeDownloadNF" operation="NfeDownloadNF" version="3.10"></NfeDownloadNF>
      <NfeInutilizacao method="nfeInutilizacaoNF2" operation="NfeInutilizacao2" version="3.10"></NfeInutilizacao>
      <NfeRetAutorizacao method="nfeRetAutorizacaoLote" operation="NfeRetAutorizacao" version="3.10"></NfeRetAutorizacao>
      <NfeStatusServico method="nfeStatusServicoNF2" operation="NfeStatusServico2" version="3.10"></NfeStatusServico>
      <RecepcaoEvento method="nfeRecepcaoEvento" operation="RecepcaoEvento" version="1.00"></RecepcaoEvento>
    </homologacao>
    <producao>
      <NfeAutorizacao method="nfeAutorizacaoLote" operation="NfeAutorizacao" version="3.10"></NfeAutorizacao>
      <NfeConsultaCadastro method="consultaCadastro2" operation="NfeConsultaCadastro" version="3.10"></NfeConsultaCadastro>
      <NfeConsultaDest method="nfeConsultaNFDest" operation="NfeConsultaDest" version="3.10"></NfeConsultaDest>
      <NfeConsultaProtocolo method="nfeConsultaNF2" operation="NfeConsulta2" version="3.10"></NfeConsultaProtocolo>
      <NfeConsultaQR method="QR-CODE" operation="NfeConsultaQR" version="3.10"></NfeConsultaQR>      
      <NfeDownloadNF method="nfeDownloadNF" operation="NfeDownloadNF" version="3.10"></NfeDownloadNF>
      <NfeInutilizacao method="nfeInutilizacaoNF2" operation="NfeInutilizacao2" version="3.10"></NfeInutilizacao>
      <NfeRetAutorizacao method="nfeRetAutorizacaoLote" operation="NfeRetAutorizacao" version="3.10"></NfeRetAutorizacao>
      <NfeStatusServico method="nfeStatusServicoNF2" operation="NfeStatusServico2" version="3.10"></NfeStatusServico>
      <RecepcaoEvento method="nfeRecepcaoEvento" operation="RecepcaoEvento" version="1.00"></RecepcaoEvento>
    </producao>
  </UF>
  <UF>
    <sigla>SVAN</sigla>
    <homologacao>
      <NfeAutorizacao method="nfeAutorizacaoLote" operation="NfeAutorizacao" version="3.10"></NfeAutorizacao>
      <NfeConsultaCadastro method="consultaCadastro2" operation="NfeConsultaCadastro" version="3.10"></NfeConsultaCadastro>
      <NfeConsultaDest method="nfeConsultaNFDest" operation="NfeConsultaDest" version="3.10"></NfeConsultaDest>
      <NfeConsultaProtocolo method="nfeConsultaNF2" operation="NfeConsulta2" version="3.10"></NfeConsultaProtocolo>
      <NfeConsultaQR method="QR-CODE" operation="NfeConsultaQR" version="3.10"></NfeConsultaQR>      
      <NfeDownloadNF method="nfeDownloadNF" operation="NfeDownloadNF" version="3.10"></NfeDownloadNF>
      <NfeInutilizacao method="nfeInutilizacaoNF2" operation="NfeInutilizacao2" version="3.10"></NfeInutilizacao>
      <NfeRetAutorizacao method="nfeRetAutorizacaoLote" operation="NfeRetAutorizacao" version="3.10"></NfeRetAutorizacao>
      <NfeStatusServico method="nfeStatusServicoNF2" operation="NfeStatusServico2" version="3.10"></NfeStatusServico>
      <RecepcaoEvento method="nfeRecepcaoEvento" operation="RecepcaoEvento" version="1.00"></RecepcaoEvento>
    </homologacao>
    <producao>
      <NfeAutorizacao method="nfeAutorizacaoLote" operation="NfeAutorizacao" version="3.10"></NfeAutorizacao>
      <NfeConsultaCadastro method="consultaCadastro2" operation="NfeConsultaCadastro" version="3.10"></NfeConsultaCadastro>
      <NfeConsultaDest method="nfeConsultaNFDest" operation="NfeConsultaDest" version="3.10"></NfeConsultaDest>
      <NfeConsultaProtocolo method="nfeConsultaNF2" operation="NfeConsulta2" version="3.10"></NfeConsultaProtocolo>
      <NfeConsultaQR method="QR-CODE" operation="NfeConsultaQR" version="3.10"></NfeConsultaQR>      
      <NfeDownloadNF method="nfeDownloadNF" operation="NfeDownloadNF" version="3.10"></NfeDownloadNF>
      <NfeInutilizacao method="nfeInutilizacaoNF2" operation="NfeInutilizacao2" version="3.10"></NfeInutilizacao>
      <NfeRetAutorizacao method="nfeRetAutorizacaoLote" operation="NfeRetAutorizacao" version="3.10"></NfeRetAutorizacao>
      <NfeStatusServico method="nfeStatusServicoNF2" operation="NfeStatusServico2" version="3.10"></NfeStatusServico>
      <RecepcaoEvento method="nfeRecepcaoEvento" operation="RecepcaoEvento" version="1.00"></RecepcaoEvento>
    </producao>
  </UF>
  <UF>
    <sigla>SVRS</sigla>
    <homologacao>
      <NfeAutorizacao method="nfeAutorizacaoLote" operation="NfeAutorizacao" version="3.10"></NfeAutorizacao>
      <NfeConsultaCadastro method="consultaCadastro2" operation="NfeConsultaCadastro" version="3.10"></NfeConsultaCadastro>
      <NfeConsultaDest method="nfeConsultaNFDest" operation="NfeConsultaDest" version="3.10"></NfeConsultaDest>
      <NfeConsultaProtocolo method="nfeConsultaNF2" operation="NfeConsulta2" version="3.10"></NfeConsultaProtocolo>
      <NfeConsultaQR method="QR-CODE" operation="NfeConsultaQR" version="3.10"></NfeConsultaQR>      
      <NfeDownloadNF method="nfeDownloadNF" operation="NfeDownloadNF" version="3.10"></NfeDownloadNF>
      <NfeInutilizacao method="nfeInutilizacaoNF2" operation="NfeInutilizacao2" version="3.10"></NfeInutilizacao>
      <NfeRetAutorizacao method="nfeRetAutorizacaoLote" operation="NfeRetAutorizacao" version="3.10"></NfeRetAutorizacao>
      <NfeStatusServico method="nfeStatusServicoNF2" operation="NfeStatusServico2" version="3.10"></NfeStatusServico>
      <RecepcaoEvento method="nfeRecepcaoEvento" operation="RecepcaoEvento" version="1.00"></RecepcaoEvento>
    </homologacao>
    <producao>
      <NfeAutorizacao method="nfeAutorizacaoLote" operation="NfeAutorizacao" version="3.10"></NfeAutorizacao>
      <NfeConsultaCadastro method="consultaCadastro2" operation="NfeConsultaCadastro" version="3.10"></NfeConsultaCadastro>
      <NfeConsultaDest method="nfeConsultaNFDest" operation="NfeConsultaDest" version="3.10"></NfeConsultaDest>
      <NfeConsultaProtocolo method="nfeConsultaNF2" operation="NfeConsulta2" version="3.10"></NfeConsultaProtocolo>
      <NfeConsultaQR method="QR-CODE" operation="NfeConsultaQR" version="3.10"></NfeConsultaQR>      
      <NfeDownloadNF method="nfeDownloadNF" operation="NfeDownloadNF" version="3.10"></NfeDownloadNF>
      <NfeInutilizacao method="nfeInutilizacaoNF2" operation="NfeInutilizacao2" version="3.10"></NfeInutilizacao>
      <NfeRetAutorizacao method="nfeRetAutorizacaoLote" operation="NfeRetAutorizacao" version="3.10"></NfeRetAutorizacao>
      <NfeStatusServico method="nfeStatusServicoNF2" operation="NfeStatusServico2" version="3.10"></NfeStatusServico>
      <RecepcaoEvento method="nfeRecepcaoEvento" operation="RecepcaoEvento" version="1.00"></RecepcaoEvento>
    </producao>
  </UF>
  <UF>
    <sigla>SVCAN</sigla>
    <homologacao>
      <NfeAutorizacao method="nfeAutorizacaoLote" operation="NfeAutorizacao" version="3.10"></NfeAutorizacao>
      <NfeConsultaCadastro method="consultaCadastro2" operation="NfeConsultaCadastro" version="3.10"></NfeConsultaCadastro>
      <NfeConsultaDest method="nfeConsultaNFDest" operation="NfeConsultaDest" version="3.10"></NfeConsultaDest>
      <NfeConsultaProtocolo method="nfeConsultaNF2" operation="NfeConsulta2" version="3.10"></NfeConsultaProtocolo>
      <NfeConsultaQR method="QR-CODE" operation="NfeConsultaQR" version="3.10"></NfeConsultaQR>      
      <NfeDownloadNF method="nfeDownloadNF" operation="NfeDownloadNF" version="3.10"></NfeDownloadNF>
      <NfeInutilizacao method="nfeInutilizacaoNF2" operation="NfeInutilizacao2" version="3.10"></NfeInutilizacao>
      <NfeRetAutorizacao method="nfeRetAutorizacaoLote" operation="NfeRetAutorizacao" version="3.10"></NfeRetAutorizacao>
      <NfeStatusServico method="nfeStatusServicoNF2" operation="NfeStatusServico2" version="3.10"></NfeStatusServico>
      <RecepcaoEvento method="nfeRecepcaoEvento" operation="RecepcaoEvento" version="1.00"></RecepcaoEvento>
    </homologacao>
    <producao>
      <NfeAutorizacao method="nfeAutorizacaoLote" operation="NfeAutorizacao" version="3.10"></NfeAutorizacao>
      <NfeConsultaCadastro method="consultaCadastro2" operation="NfeConsultaCadastro" version="3.10"></NfeConsultaCadastro>
      <NfeConsultaDest method="nfeConsultaNFDest" operation="NfeConsultaDest" version="3.10"></NfeConsultaDest>
      <NfeConsultaProtocolo method="nfeConsultaNF2" operation="NfeConsulta2" version="3.10"></NfeConsultaProtocolo>
      <NfeConsultaQR method="QR-CODE" operation="NfeConsultaQR" version="3.10"></NfeConsultaQR>      
      <NfeDownloadNF method="nfeDownloadNF" operation="NfeDownloadNF" version="3.10"></NfeDownloadNF>
      <NfeInutilizacao method="nfeInutilizacaoNF2" operation="NfeInutilizacao2" version="3.10"></NfeInutilizacao>
      <NfeRetAutorizacao method="nfeRetAutorizacaoLote" operation="NfeRetAutorizacao" version="3.10"></NfeRetAutorizacao>
      <NfeStatusServico method="nfeStatusServicoNF2" operation="NfeStatusServico2" version="3.10"></NfeStatusServico>
      <RecepcaoEvento method="nfeRecepcaoEvento" operation="RecepcaoEvento" version="1.00"></RecepcaoEvento>
    </producao>
  </UF>
  <UF>
    <sigla>SVCRS</sigla>
    <homologacao>
      <NfeAutorizacao method="nfeAutorizacaoLote" operation="NfeAutorizacao" version="3.10"></NfeAutorizacao>
      <NfeConsultaCadastro method="consultaCadastro2" operation="NfeConsultaCadastro" version="3.10"></NfeConsultaCadastro>
      <NfeConsultaDest method="nfeConsultaNFDest" operation="NfeConsultaDest" version="3.10"></NfeConsultaDest>
      <NfeConsultaProtocolo method="nfeConsultaNF2" operation="NfeConsulta2" version="3.10"></NfeConsultaProtocolo>
      <NfeConsultaQR method="QR-CODE" operation="NfeConsultaQR" version="3.10"></NfeConsultaQR>      
      <NfeDownloadNF method="nfeDownloadNF" operation="NfeDownloadNF" version="3.10"></NfeDownloadNF>
      <NfeInutilizacao method="nfeInutilizacaoNF2" operation="NfeInutilizacao2" version="3.10"></NfeInutilizacao>
      <NfeRetAutorizacao method="nfeRetAutorizacaoLote" operation="NfeRetAutorizacao" version="3.10"></NfeRetAutorizacao>
      <NfeStatusServico method="nfeStatusServicoNF2" operation="NfeStatusServico2" version="3.10"></NfeStatusServico>
      <RecepcaoEvento method="nfeRecepcaoEvento" operation="RecepcaoEvento" version="1.00"></RecepcaoEvento>
    </homologacao>
    <producao>
      <NfeAutorizacao method="nfeAutorizacaoLote" operation="NfeAutorizacao" version="3.10"></NfeAutorizacao>
      <NfeConsultaCadastro method="consultaCadastro2" operation="NfeConsultaCadastro" version="3.10"></NfeConsultaCadastro>
      <NfeConsultaDest method="nfeConsultaNFDest" operation="NfeConsultaDest" version="3.10"></NfeConsultaDest>
      <NfeConsultaProtocolo method="nfeConsultaNF2" operation="NfeConsulta2" version="3.10"></NfeConsultaProtocolo>
      <NfeConsultaQR method="QR-CODE" operation="NfeConsultaQR" version="3.10"></NfeConsultaQR>      
      <NfeDownloadNF method="nfeDownloadNF" operation="NfeDownloadNF" version="3.10"></NfeDownloadNF>
      <NfeInutilizacao method="nfeInutilizacaoNF2" operation="NfeInutilizacao2" version="3.10"></NfeInutilizacao>
      <NfeRetAutorizacao method="nfeRetAutorizacaoLote" operation="NfeRetAutorizacao" version="3.10"></NfeRetAutorizacao>
      <NfeStatusServico method="nfeStatusServicoNF2" operation="NfeStatusServico2" version="3.10"></NfeStatusServico>
      <RecepcaoEvento method="nfeRecepcaoEvento" operation="RecepcaoEvento" version="1.00"></RecepcaoEvento>
    </producao>
  </UF>
</WS>
