<?xml version="1.0" encoding="UTF-8"?>
<NFe xmlns="http://www.portalfiscal.inf.br/nfe"><infNFe Id="NFe41150300111430000180550010000633461000000009" versao="3.10"><ide><cUF>41</cUF><cNF>00000000</cNF><natOp>Venda Merc Adq/Rec</natOp><indPag>1</indPag><mod>55</mod><serie>1</serie><nNF>63346</nNF><dhEmi>2015-03-18T16:20:00-03:00</dhEmi><dhSaiEnt>2015-03-18T16:20:00-03:00</dhSaiEnt><tpNF>1</tpNF><idDest>1</idDest><cMunFG>4119152</cMunFG><tpImp>1</tpImp><tpEmis>1</tpEmis><cDV>9</cDV><tpAmb>2</tpAmb><finNFe>1</finNFe><indFinal>0</indFinal><indPres>0</indPres><procEmi>0</procEmi><verProc>1.0.0</verProc></ide><emit><CNPJ>00111430000180</CNPJ><xNome>TRATORACO E MERCADO DE CORREIAS LTDA</xNome><xFant>TRATORACO</xFant><enderEmit><xLgr>ROD DEP. JOAO LEOPOLDO JACOMEL</xLgr><nro>13021</nro><xBairro>ESTANCIA PINHAIS</xBairro><cMun>4119152</cMun><xMun>PINHAIS</xMun><UF>PR</UF><CEP>83323125</CEP><cPais>1058</cPais><xPais>BRASIL</xPais><fone>4133332525</fone></enderEmit><IE>1019984520</IE><CRT>3</CRT></emit><dest><CNPJ>99999999000191</CNPJ><xNome>NF-E EMITIDA EM AMBIENTE DE HOMOLOGACAO - SEM VALOR FISCAL</xNome><enderDest><xLgr>RUA IAPO</xLgr><nro>01245</nro><xBairro>REBOUCAS</xBairro><cMun>4106902</cMun><xMun>CURITIBA</xMun><UF>PR</UF><CEP>80215020</CEP><cPais>1058</cPais><xPais>BRASIL</xPais></enderDest><indIEDest>9</indIEDest></dest><entrega><CNPJ>84818889000109</CNPJ><xLgr>AV MARECHAL FLORIANO PEIXOTO, 5303, SALA 13</xLgr><nro>1</nro><xBairro>HAUER</xBairro><cMun>4106902</cMun><xMun>CURITIBA</xMun><UF>PR</UF></entrega><det nItem="1"><prod><cProd>22X32</cProd><cEAN/><xProd>ABRACADEIRA -C-0346</xProd><NCM>40161010</NCM><CFOP>5405</CFOP><uCom>PC.</uCom><qCom>1.0000</qCom><vUnCom>0.6800000000</vUnCom><vProd>0.68</vProd><cEANTrib/><uTrib>PC.</uTrib><qTrib>1.0000</qTrib><vUnTrib>0.6800000000</vUnTrib><indTot>1</indTot><nItemPed>000000</nItemPed></prod><imposto><vTotTrib>0.27</vTotTrib><ICMS><ICMS60><orig>0</orig><CST>60</CST><vBCSTRet>0.00</vBCSTRet><vICMSSTRet>0.00</vICMSSTRet></ICMS60></ICMS><IPI><CNPJProd>00111430000180</CNPJProd><qSelo>000000000000</qSelo><cEnq>999</cEnq><IPINT><CST>53</CST></IPINT></IPI><PIS><PISNT><CST>04</CST></PISNT></PIS><COFINS><COFINSNT><CST>04</CST></COFINSNT></COFINS></imposto></det><total><ICMSTot><vBC>0.00</vBC><vICMS>0.00</vICMS><vICMSDeson>0.00</vICMSDeson><vBCST>0.00</vBCST><vST>0.00</vST><vProd>0.68</vProd><vFrete>0.00</vFrete><vSeg>0.00</vSeg><vDesc>0.00</vDesc><vII>0.00</vII><vIPI>0.00</vIPI><vPIS>0.00</vPIS><vCOFINS>0.00</vCOFINS><vOutro>0.00</vOutro><vNF>0.68</vNF><vTotTrib>0.27</vTotTrib></ICMSTot></total><transp><modFrete>1</modFrete></transp><cobr><fat><nFat>063343</nFat><vOrig>0.68</vOrig><vLiq>0.68</vLiq></fat><dup><nDup>063343-01</nDup><dVenc>2015-04-08</dVenc><vDup>0.68</vDup></dup></cobr><infAdic><infCpl>Entrega: AV MARECHAL FLORIANO PEIXOTO, 5303, SALA 13 HAUER PR/CURITIBA</infCpl><obsCont xCampo="Mensagem:"><xTexto>CONFIRA NOSSAS PROMOCOES</xTexto></obsCont></infAdic></infNFe>
</NFe>
