<?xml version="1.0" encoding="utf-8"?>
<WS xmlns:xsi="http://www.w3.org/2001/XMLSchema-instance" >
<!--
Versao 20120220_2
Revisao de adequacao de maiusculas/minusculas nos nomes dos webservices e nomes dos
metodos, utilizando "Cte" ao inves de "CTe", pois ocorria erro no estado do RS.

Versao 20110322_1
Correcao da nomenclarura dos servicos. Nota: URL homologacao SP colocados com letras
maiusculas so para ficar igual ao site da SEFAZ.

Versao 20130320_1 Inclusão dos webservices do Paraná 
Versao 20130418_1 Correção CteConsula => CteConsultaProtocolo [RS]
-->
<UF>
    <sigla>MG</sigla>
    <homologacao>
        <CteRecepcao method='CTeRecepcao' version='1.04'>https://hcte.fazenda.mg.gov.br/cte/services/CteRecepcao</CteRecepcao>
        <CteRetRecepcao method='CTeRetRecepcao' version='1.04'>https://hcte.fazenda.mg.gov.br/cte/services/CteRetRecepcao</CteRetRecepcao>
        <CteCancelamento method='CTeCancelamento' version='1.04'>https://hcte.fazenda.mg.gov.br/cte/services/CteCancelamento</CteCancelamento>
        <CteInutilizacao method='CTeInutilizacao' version='1.04'>https://hcte.fazenda.mg.gov.br/cte/services/CteInutilizacao</CteInutilizacao>
        <CteConsultaProtocolo method='cteConsultaCT' version='1.04'>https://hcte.fazenda.mg.gov.br/cte/services/CteConsulta</CteConsultaProtocolo>
        <CteStatusServico method='cteStatusServicoCT' version='1.04'>https://hcte.fazenda.mg.gov.br/cte/services/CteStatusServico</CteStatusServico>
    </homologacao>
    <producao>
        <CteRecepcao method='CTeRecepcao' version='1.04'>https://cte.fazenda.mg.gov.br/cte/services/CteRecepcao</CteRecepcao>
        <CteRetRecepcao method='CTeRetRecepcao' version='1.04'>https://cte.fazenda.mg.gov.br/cte/services/CteRetRecepcao</CteRetRecepcao>
        <CteCancelamento method='CTeCancelamento' version='1.04'>https://cte.fazenda.mg.gov.br/cte/services/CteCancelamento</CteCancelamento>
        <CteInutilizacao method='CTeInutilizacao' version='1.04'>https://cte.fazenda.mg.gov.br/cte/services/CteInutilizacao</CteInutilizacao>
        <CteConsultaProtocolo method='cteConsultaCT' version='1.04'>https://cte.fazenda.mg.gov.br/cte/services/CteConsulta</CteConsultaProtocolo>
        <CteStatusServico method='cteStatusServicoCT' version='1.04'>https://cte.fazenda.mg.gov.br/cte/services/CteStatusServico</CteStatusServico>
    </producao>
</UF>
<UF>
    <sigla>MS</sigla>
    <homologacao>
        <CteRecepcao method='CTeRecepcao' version='1.04'>https://homologacao.cte.ms.gov.br/cteWEB/CteRecepcao.asmx</CteRecepcao>
        <CteRetRecepcao method='CTeRetRecepcao' version='1.04'>https://homologacao.cte.ms.gov.br/cteWEB/CteRetRecepcao.asmx</CteRetRecepcao>
        <CteCancelamento method='CTeCancelamento' version='1.04'>https://homologacao.cte.ms.gov.br/cteWEB/CteCancelamento.asmx</CteCancelamento>
        <CteInutilizacao method='CTeInutilizacao' version='1.04'>https://homologacao.cte.ms.gov.br/cteWEB/CteInutilizacao.asmx</CteInutilizacao>
        <CteConsultaProtocolo method='cteConsultaCT' version='1.04'>https://homologacao.cte.ms.gov.br/cteWEB/CteConsulta.asmx</CteConsultaProtocolo>
        <CteStatusServico method='CTeStatusServico' version='1.04'>https://homologacao.cte.ms.gov.br/cteWEB/CteStatusServico.asmx</CteStatusServico>
        <CTeConsultaCadastro method='CTeConsultaCadastro' version='1.04'>https://homologacao.cte.ms.gov.br/cteWEB/CadConsultaCadastro.asmx</CTeConsultaCadastro>
    </homologacao>
    <producao>
        <CteRecepcao method='CTeRecepcao' version='1.04'>https://producao.cte.ms.gov.br/cteWEB/CteRecepcao.asmx</CteRecepcao>
        <CteRetRecepcao method='CTeRetRecepcao' version='1.04'>https://producao.cte.ms.gov.br/cteWEB/CteRetRecepcao.asmx</CteRetRecepcao>
        <CteCancelamento method='CTeCancelamento' version='1.04'>https://producao.cte.ms.gov.br/cteWEB/CteCancelamento.asmx</CteCancelamento>
        <CteInutilizacao method='CTeInutilizacao' version='1.04'>https://producao.cte.ms.gov.br/cteWEB/CteInutilizacao.asmx</CteInutilizacao>
        <CteConsultaProtocolo method='cteConsultaCT' version='1.04'>https://producao.cte.ms.gov.br/cteWEB/CteConsulta.asmx</CteConsultaProtocolo>
        <CteStatusServico method='cteStatusServicoCT' version='1.04'>https://producao.cte.ms.gov.br/cteWEB/CteStatusServico.asmx</CteStatusServico>
        <CTeConsultaCadastro method='CTeConsultaCadastro' version='1.04'>https://producao.cte.ms.gov.br/cteWEB/CadConsultaCadastro.asmx</CTeConsultaCadastro>
    </producao>
</UF>
<UF>
    <sigla>MT</sigla>
    <homologacao>
        <CteRecepcao method='CTeRecepcao' version='1.04'>https://homologacao.sefaz.mt.gov.br/ctews/services/CteRecepcao</CteRecepcao>
        <CteRetRecepcao method='CTeRetRecepcao' version='1.04'>https://homologacao.sefaz.mt.gov.br/ctews/services/CteRetRecepcao</CteRetRecepcao>
        <CteCancelamento method='CTeCancelamento' version='1.04'>https://homologacao.sefaz.mt.gov.br/ctews/services/CteCancelamento</CteCancelamento>
        <CteInutilizacao method='CTeInutilizacao' version='1.04'>https://homologacao.sefaz.mt.gov.br/ctews/services/CteInutilizacao</CteInutilizacao>
        <CteConsultaProtocolo method='cteConsultaCT' version='1.04'>https://homologacao.sefaz.mt.gov.br/ctews/services/CteConsulta</CteConsultaProtocolo>
        <CteStatusServico method='cteStatusServicoCT' version='1.04'>https://homologacao.sefaz.mt.gov.br/ctews/services/CteStatusServico</CteStatusServico>
    </homologacao>
    <producao>
        <CteRecepcao method='CTeRecepcao' version='1.04'>https://cte.sefaz.mt.gov.br/ctews/services/CteRecepcao</CteRecepcao>
        <CteRetRecepcao method='CTeRetRecepcao' version='1.04'>https://cte.sefaz.mt.gov.br/ctews/services/CteRetRecepcao</CteRetRecepcao>
        <CteCancelamento method='CTeCancelamento' version='1.04'>https://cte.sefaz.mt.gov.br/ctews/services/CteCancelamento</CteCancelamento>
        <CteInutilizacao method='CTeInutilizacao' version='1.04'>https://cte.sefaz.mt.gov.br/ctews/services/CteInutilizacao</CteInutilizacao>
        <CteConsultaProtocolo method='cteConsultaCT' version='1.04'>https://cte.sefaz.mt.gov.br/ctews/services/CteConsulta</CteConsultaProtocolo>
        <CteStatusServico method='cteStatusServicoCT' version='1.04'>https://cte.sefaz.mt.gov.br/ctews/services/CteStatusServico</CteStatusServico>
    </producao>
</UF>
<UF>
    <sigla>PR</sigla>
    <homologacao>
        <CteRecepcao method='CTeRecepcao' version='1.04'>https://homologacao.cte.fazenda.pr.gov.br/cte/CteRecepcao</CteRecepcao>
        <CteRetRecepcao method='CTeRetRecepcao' version='1.04'>https://homologacao.cte.fazenda.pr.gov.br/cte/CteRetRecepcao</CteRetRecepcao>
        <CteCancelamento method='CTeCancelamento' version='1.04'>https://homologacao.cte.fazenda.pr.gov.br/cte/CteCancelamento</CteCancelamento>
        <CteInutilizacao method='CTeInutilizacao' version='1.04'>https://homologacao.cte.fazenda.pr.gov.br/cte/CteInutilizacao</CteInutilizacao>
        <CteConsultaProtocolo method='cteConsultaCT' version='1.04'>https://homologacao.cte.fazenda.pr.gov.br/cte/CteConsulta</CteConsultaProtocolo>
        <CteStatusServico method='cteStatusServicoCT' version='1.04'>https://homologacao.cte.fazenda.pr.gov.br/cte/CteStatusServico</CteStatusServico>
    </homologacao>
    <producao>
        <CteRecepcao method='CTeRecepcao' version='1.04'>https://cte.fazenda.pr.gov.br/cte/CteRecepcao</CteRecepcao>
        <CteRetRecepcao method='CTeRetRecepcao' version='1.04'>https://cte.fazenda.pr.gov.br/cte/CteRetRecepcao</CteRetRecepcao>
        <CteCancelamento method='CTeCancelamento' version='1.04'>https://cte.fazenda.pr.gov.br/cte/CteCancelamento</CteCancelamento>
        <CteInutilizacao method='CTeInutilizacao' version='1.04'>https://cte.fazenda.pr.gov.br/cte/CteInutilizacao</CteInutilizacao>
        <CteConsultaProtocolo method='cteConsultaCT' version='1.04'>https://cte.fazenda.pr.gov.br/cte/CteConsulta</CteConsultaProtocolo>
        <CteStatusServico method='cteStatusServicoCT' version='1.04'>https://cte.fazenda.pr.gov.br/cte/CteStatusServico</CteStatusServico>
    </producao>
</UF>
<UF>
    <sigla>RS</sigla>
    <homologacao>
        <CteRecepcao method='CTeRecepcao' version='1.04'>https://homologacao.cte.sefaz.rs.gov.br/ws/cterecepcao/CteRecepcao.asmx</CteRecepcao>
        <CteRetRecepcao method='CTeRetRecepcao' version='1.04'>https://homologacao.cte.sefaz.rs.gov.br/ws/cteretrecepcao/cteRetRecepcao.asmx</CteRetRecepcao>
        <CteCancelamento method='CTeCancelamento' version='1.04'>https://homologacao.cte.sefaz.rs.gov.br/ws/ctecancelamento/ctecancelamento.asmx</CteCancelamento>
        <CteInutilizacao method='CTeInutilizacao' version='1.04'>https://homologacao.cte.sefaz.rs.gov.br/ws/cteinutilizacao/cteinutilizacao.asmx</CteInutilizacao>
        <CteConsultaProtocolo method='cteConsultaCT' version='1.04'>https://homologacao.cte.sefaz.rs.gov.br/ws/cteconsulta/CteConsulta.asmx</CteConsultaProtocolo>
        <CteStatusServico method='cteStatusServicoCT' version='1.04'>https://homologacao.cte.sefaz.rs.gov.br/ws/ctestatusservico/CteStatusServico.asmx</CteStatusServico>
    </homologacao>
    <producao>
        <CteRecepcao method='CTeRecepcao' version='1.04'>https://cte.sefaz.rs.gov.br/ws/cterecepcao/CteRecepcao.asmx</CteRecepcao>
        <CteRetRecepcao method='CTeRetRecepcao' version='1.04'>https://cte.sefaz.rs.gov.br/ws/cteretrecepcao/cteRetRecepcao.asmx</CteRetRecepcao>
        <CteCancelamento method='CTeCancelamento' version='1.04'>https://cte.sefaz.rs.gov.br/ws/ctecancelamento/ctecancelamento.asmx</CteCancelamento>
        <CteInutilizacao method='CTeInutilizacao' version='1.04'>https://cte.sefaz.rs.gov.br/ws/cteinutilizacao/cteinutilizacao.asmx</CteInutilizacao>
        <CteConsultaProtocolo method='cteConsultaCT' version='1.04'>https://cte.sefaz.rs.gov.br/ws/cteconsulta/CteConsulta.asmx</CteConsultaProtocolo>
        <CteStatusServico method='cteStatusServicoCT' version='1.04'>https://cte.sefaz.rs.gov.br/ws/ctestatusservico/CteStatusServico.asmx</CteStatusServico>
    </producao>
</UF>
<UF>
    <sigla>SP</sigla>
    <homologacao>
        <CteRecepcao method='CTeRecepcao' version='1.04'>https://homologacao.nfe.fazenda.sp.gov.br/cteWEB/services/cteRecepcao.asmx</CteRecepcao>
        <CteRetRecepcao method='CTeRetRecepcao' version='1.04'>https://homologacao.nfe.fazenda.sp.gov.br/cteWEB/services/cteRetRecepcao.asmx</CteRetRecepcao>
        <CteCancelamento method='CTeCancelamento' version='1.04'>https://homologacao.nfe.fazenda.sp.gov.br/cteWEB/services/cteCancelamento.asmx</CteCancelamento>
        <CteInutilizacao method='CTeInutilizacao' version='1.04'>https://homologacao.nfe.fazenda.sp.gov.br/cteWEB/services/cteInutilizacao.asmx</CteInutilizacao>
        <CteConsultaProtocolo method='cteConsultaCT' version='1.04'>https://homologacao.nfe.fazenda.sp.gov.br/cteWEB/services/cteConsulta.asmx</CteConsultaProtocolo>
        <CteStatusServico method='cteStatusServicoCT' version='1.04'>https://homologacao.nfe.fazenda.sp.gov.br/cteWEB/services/cteStatusServico.asmx</CteStatusServico>        
    </homologacao>
    <producao>
        <CteRecepcao method='CTeRecepcao' version='1.04'>https://nfe.fazenda.sp.gov.br/cteWEB/services/cteRecepcao.asmx</CteRecepcao>
        <CteRetRecepcao method='CTeRetRecepcao' version='1.04'>https://nfe.fazenda.sp.gov.br/cteWEB/services/cteRetRecepcao.asmx</CteRetRecepcao>
        <CteCancelamento method='CTeCancelamento' version='1.04'>https://nfe.fazenda.sp.gov.br/cteWEB/services/cteCancelamento.asmx</CteCancelamento>
        <CteInutilizacao method='CTeInutilizacao' version='1.04'>https://nfe.fazenda.sp.gov.br/cteWEB/services/cteInutilizacao.asmx</CteInutilizacao>
        <CteConsultaProtocolo method='cteConsultaCT' version='1.04'>https://nfe.fazenda.sp.gov.br/cteWEB/services/cteConsulta.asmx</CteConsultaProtocolo>
        <CteStatusServico method='cteStatusServicoCT' version='1.04'>https://nfe.fazenda.sp.gov.br/cteWEB/services/cteStatusServico.asmx</CteStatusServico>
    </producao>
</UF>
<UF>
    <sigla>SVRS</sigla>
    <homologacao>
        <CteRecepcao method='CTeRecepcao' version='1.04'>https://homologacao.cte.sefaz.rs.gov.br/ws/cterecepcao/CteRecepcao.asmx</CteRecepcao>
        <CteRetRecepcao method='CTeRetRecepcao' version='1.04'>https://homologacao.cte.sefaz.rs.gov.br/ws/cteretrecepcao/CteRetRecepcao.asmx</CteRetRecepcao>
        <CteCancelamento method='CTeCancelamento' version='1.04'>https://homologacao.cte.sefaz.rs.gov.br/ws/ctecancelamento/ctecancelamento.asmx</CteCancelamento>
        <CteInutilizacao method='CTeInutilizacao' version='1.04'>https://homologacao.cte.sefaz.rs.gov.br/ws/cteinutilizacao/cteinutilizacao.asmx</CteInutilizacao>
        <CteConsultaProtocolo method='cteConsultaCT' version='1.04'>https://homologacao.cte.sefaz.rs.gov.br/ws/cteconsulta/cteconsulta.asmx</CteConsultaProtocolo>
        <CteStatusServico method='cteStatusServicoCT' version='1.04'>https://homologacao.cte.sefaz.rs.gov.br/ws/ctestatusservico/ctestatusservico.asmx</CteStatusServico>
    </homologacao>
    <producao>
        <CteRecepcao method='CTeRecepcao' version='1.04'>https://cte.sefaz.rs.gov.br/ws/cterecepcao/CteRecepcao.asmx</CteRecepcao>
        <CteRetRecepcao method='CTeRetRecepcao' version='1.04'>https://cte.sefaz.rs.gov.br/ws/cteretrecepcao/CteRetRecepcao.asmx</CteRetRecepcao>
        <CteCancelamento method='CTeCancelamento' version='1.04'>https://cte.sefaz.rs.gov.br/ws/ctecancelamento/ctecancelamento.asmx</CteCancelamento>
        <CteInutilizacao method='CTeInutilizacao' version='1.04'>https://cte.sefaz.rs.gov.br/ws/cteinutilizacao/cteinutilizacao.asmx</CteInutilizacao>
        <CteConsultaProtocolo method='cteConsultaCT' version='1.04'>https://cte.sefaz.rs.gov.br/ws/cteconsulta/cteconsulta.asmx</CteConsultaProtocolo>
        <CteStatusServico method='cteStatusServicoCT' version='1.04'>https://cte.sefaz.rs.gov.br/ws/ctestatusservico/ctestatusservico.asmx</CteStatusServico>
    </producao>
</UF>
<UF>
    <sigla>SVSP</sigla>
    <homologacao>
        <CteRecepcao method='CTeRecepcao' version='1.04'>https://homologacao.nfe.fazenda.sp.gov.br/cteWEB/services/cteRecepcao.asmx</CteRecepcao>
        <CteRetRecepcao method='CTeRetRecepcao' version='1.04'>https://homologacao.nfe.fazenda.sp.gov.br/cteWEB/services/cteRetRecepcao.asmx</CteRetRecepcao>
        <CteCancelamento method='CTeCancelamento' version='1.04'>https://homologacao.nfe.fazenda.sp.gov.br/cteWEB/services/cteCancelamento.asmx</CteCancelamento>
        <CteInutilizacao method='CTeInutilizacao' version='1.04'>https://homologacao.nfe.fazenda.sp.gov.br/cteWEB/services/cteInutilizacao.asmx</CteInutilizacao>
        <CteConsultaProtocolo method='cteConsultaCT' version='1.04'>https://homologacao.nfe.fazenda.sp.gov.br/cteWEB/services/cteConsulta.asmx</CteConsultaProtocolo>
        <CteStatusServico method='cteStatusServicoCT' version='1.04'>https://homologacao.nfe.fazenda.sp.gov.br/cteWEB/services/cteStatusServico.asmx</CteStatusServico>        
    </homologacao>
    <producao>
        <CteRecepcao method='CTeRecepcao' version='1.04'>https://nfe.fazenda.sp.gov.br/cteWEB/services/cteRecepcao.asmx</CteRecepcao>
        <CteRetRecepcao method='CTeRetRecepcao' version='1.04'>https://nfe.fazenda.sp.gov.br/cteWEB/services/cteRetRecepcao.asmx</CteRetRecepcao>
        <CteCancelamento method='CTeCancelamento' version='1.04'>https://nfe.fazenda.sp.gov.br/cteWEB/services/cteCancelamento.asmx</CteCancelamento>
        <CteInutilizacao method='CTeInutilizacao' version='1.04'>https://nfe.fazenda.sp.gov.br/cteWEB/services/cteInutilizacao.asmx</CteInutilizacao>
        <CteConsultaProtocolo method='cteConsultaCT' version='1.04'>https://nfe.fazenda.sp.gov.br/cteWEB/services/CteConsulta.asmx</CteConsultaProtocolo>
        <CteStatusServico method='cteStatusServicoCT' version='1.04'>https://nfe.fazenda.sp.gov.br/cteWEB/services/cteStatusServico.asmx</CteStatusServico>
    </producao>
</UF>
</WS>