<?xml version="1.0" encoding="utf-8"?>
<WS xmlns:xsi="http://www.w3.org/2001/XMLSchema-instance">
<!-- Inclusão das URLs do Ceará -->
<!-- Nota: URL homologacao SP colocados com letras maiusculas so para ficar igual ao site da SEFAZ -->
<!-- Versão 20110602 correções em BA e PE -->
<!-- Versão 20110603 correções em MS -->
<!-- Versão 20110606 correções em MS -->
<!-- Versão 20110731 Inclusao do serviço de RecepcaoEvento -->
<!-- Versão 20111104 Incluidas as urls para CE e MT de RecepcaoEvento -->
<!-- Versão 20111222 Corrigida a URL RecepcaoEvento de SP -->
<!-- Versão 20120409 Inclusão dos novos webservices, *** ainda em testes NfeConsultaDest e NfeDownloadNF -->
<!-- Versão 20120412 Correção do Webservice ConsultaCadastro -->
<!-- Versão 20120617 Correção dos Webservices DPEC -->
<!-- Versão 20120621 Correção do Webservice NfeRecepcao2.asmx BA - Contribuição de Gilmar de Paula <gilmarfiocca at gmail dot com> -->
<!-- Versão 20120911 Complementação dos Webservices do PR -->
<!-- Versao 20120911.1 Complementação dos Webservices do RS e SVAN com os eventos de destinatário -->
<!-- Versao 20121018 Inclusão dos Webservices do Ambiente Nacional AN -->
<!-- Versao 20121021 Correção das versões usadas no metodo nfeConsNFDest no ambiente nacional -->
<!-- Versao 20121030 Inclusao dos webservices de recpcao de eventos no SCAN -->
<!-- Versao 20121215 Inclusão dos webservices de download da NFe no ambiente Nacional -->
<!-- Versao 20130120 Correção da URL de Recepcao do Evento da BA -->
<!-- Versão 20130201 Inclusão das URL's de Consulta de Cadastro SC, ES e RN -->
  <UF>
    <sigla>AN</sigla>
    <homologacao>
      <RecepcaoEvento method="nfeRecepcaoEvento" version="1.00">https://hom.nfe.fazenda.gov.br/RecepcaoEvento/RecepcaoEvento.asmx</RecepcaoEvento>            
      <NfeConsultaDest method="nfeConsultaNFDest" version="1.01">https://hom.nfe.fazenda.gov.br/NFeConsultaDest/NFeConsultaDest.asmx</NfeConsultaDest>
      <NfeDownloadNF method="nfeDownloadNF" version="1.00">https://hom.nfe.fazenda.gov.br/NfeDownloadNF/NfeDownloadNF.asmx</NfeDownloadNF>
    </homologacao>
    <producao>
      <RecepcaoEvento method="nfeRecepcaoEvento" version="1.00">https://www.nfe.fazenda.gov.br/RecepcaoEvento/RecepcaoEvento.asmx</RecepcaoEvento>            
      <NfeConsultaDest method="nfeConsultaNFDest" version="1.01">https://www.nfe.fazenda.gov.br/NFeConsultaDest/NFeConsultaDest.asmx</NfeConsultaDest>
      <NfeDownloadNF method="nfeDownloadNF" version="1.00">https://www.nfe.fazenda.gov.br/NfeDownloadNF/NfeDownloadNF.asmx</NfeDownloadNF>
    </producao>      
  </UF>      
  <UF>
    <sigla>AM</sigla>
    <homologacao>
      <NfeRecepcao method="nfeRecepcaoLote2" version="2.00">https://homnfe.sefaz.am.gov.br/services2/services/NfeRecepcao2</NfeRecepcao>
      <NfeRetRecepcao method="nfeRetRecepcao2" version="2.00">https://homnfe.sefaz.am.gov.br/services2/services/NfeRetRecepcao2</NfeRetRecepcao>
      <NfeCancelamento method="nfeCancelamentoNF2" version="2.00">https://homnfe.sefaz.am.gov.br/services2/services/NfeCancelamento2</NfeCancelamento>
      <NfeInutilizacao method="nfeInutilizacaoNF2" version="2.00">https://homnfe.sefaz.am.gov.br/services2/services/NfeInutilizacao2</NfeInutilizacao>
      <NfeConsulta method="nfeConsultaNF2" version="2.01">https://homnfe.sefaz.am.gov.br/services2/services/NfeConsulta2</NfeConsulta>
      <NfeStatusServico method="nfeStatusServicoNF2" version="2.00">https://homnfe.sefaz.am.gov.br/services2/services/NfeStatusServico2</NfeStatusServico>
      <CadConsultaCadastro method="consultaCadastro2" version="2.00">https://homnfe.sefaz.am.gov.br/services2/services/cadconsultacadastro2</CadConsultaCadastro>
      <RecepcaoEvento method="nfeRecepcaoEvento" version="1.00">https://homnfe.sefaz.am.gov.br/services2/services/RecepcaoEvento</RecepcaoEvento>            
      <NfeConsultaDest method="nfeConsultaNFDest" version="1.01">https://hom.nfe.fazenda.gov.br/NFeConsultaDest/NFeConsultaDest.asmx</NfeConsultaDest>
      <NfeDownloadNF method="nfeDownloadNF" version="1.00"/>
    </homologacao>
    <producao>
      <NfeRecepcao method="nfeRecepcaoLote2" version="2.00">https://nfe.sefaz.am.gov.br/services2/services/NfeRecepcao2</NfeRecepcao>
      <NfeRetRecepcao method="nfeRetRecepcao2" version="2.00">https://nfe.sefaz.am.gov.br/services2/services/NfeRetRecepcao2</NfeRetRecepcao>
      <NfeCancelamento method="nfeCancelamentoNF2" version="2.00">https://nfe.sefaz.am.gov.br/services2/services/NfeCancelamento2</NfeCancelamento>
      <NfeInutilizacao method="nfeInutilizacaoNF2" version="2.00">https://nfe.sefaz.am.gov.br/services2/services/NfeInutilizacao2</NfeInutilizacao>
      <NfeConsulta method="nfeConsultaNF2" version="2.01">https://nfe.sefaz.am.gov.br/services2/services/NfeConsulta2</NfeConsulta>
      <NfeStatusServico method="nfeStatusServicoNF2" version="2.00">https://nfe.sefaz.am.gov.br/services2/services/NfeStatusServico2</NfeStatusServico>
      <CadConsultaCadastro method="consultaCadastro2" version="2.00"/>
      <RecepcaoEvento method="nfeRecepcaoEvento" version="1.00">https://nfe.sefaz.am.gov.br/services2/services/RecepcaoEvento</RecepcaoEvento>
      <NfeConsultaDest method="nfeConsultaNFDest" version="1.01">https://www.nfe.fazenda.gov.br/NFeConsultaDest/NFeConsultaDest.asmx</NfeConsultaDest>
      <NfeDownloadNF method="nfeDownloadNF" version="1.00"/>
    </producao>
  </UF>
  <UF>
    <sigla>BA</sigla>
    <homologacao>
      <NfeRecepcao method="nfeRecepcaoLote2" version="2.00">https://hnfe.sefaz.ba.gov.br/webservices/nfenw/NfeRecepcao2.asmx</NfeRecepcao>
      <NfeRetRecepcao method="nfeRetRecepcao2" version="2.00">https://hnfe.sefaz.ba.gov.br/webservices/nfenw/NfeRetRecepcao2.asmx</NfeRetRecepcao>
      <NfeCancelamento method="nfeCancelamentoNF2" version="2.00">https://hnfe.sefaz.ba.gov.br/webservices/nfenw/NfeCancelamento2.asmx</NfeCancelamento>
      <NfeInutilizacao method="nfeInutilizacaoNF2" version="2.00">https://hnfe.sefaz.ba.gov.br/webservices/nfenw/NfeInutilizacao2.asmx</NfeInutilizacao>
      <NfeConsulta method="nfeConsultaNF2" version="2.01">https://hnfe.sefaz.ba.gov.br/webservices/nfenw/NfeConsulta2.asmx</NfeConsulta>
      <NfeStatusServico method="nfeStatusServicoNF2" version="2.00">https://hnfe.sefaz.ba.gov.br/webservices/nfenw/NfeStatusServico2.asmx</NfeStatusServico>
      <CadConsultaCadastro method="consultaCadastro2" version="2.00">https://hnfe.sefaz.ba.gov.br/webservices/nfenw/CadConsultaCadastro2.asmx</CadConsultaCadastro>
      <RecepcaoEvento method="nfeRecepcaoEvento" version="1.00">https://hnfe.sefaz.ba.gov.br/webservices/sre/RecepcaoEvento.asmx</RecepcaoEvento>
      <NfeConsultaDest method="nfeConsultaNFDest" version="1.01">https://hom.nfe.fazenda.gov.br/NFeConsultaDest/NFeConsultaDest.asmx</NfeConsultaDest>
      <NfeDownloadNF method="nfeDownloadNF" version="1.00"/>
    </homologacao>
    <producao>
      <NfeRecepcao method="nfeRecepcaoLote2" version="2.00">https://nfe.sefaz.ba.gov.br/webservices/nfenw/NfeRecepcao2.asmx</NfeRecepcao>
      <NfeRetRecepcao method="nfeRetRecepcao2" version="2.00">https://nfe.sefaz.ba.gov.br/webservices/nfenw/NfeRetRecepcao2.asmx</NfeRetRecepcao>
      <NfeCancelamento method="nfeCancelamentoNF2" version="2.00">https://nfe.sefaz.ba.gov.br/webservices/nfenw/NfeCancelamento2.asmx</NfeCancelamento>
      <NfeInutilizacao method="nfeInutilizacaoNF2" version="2.00">https://nfe.sefaz.ba.gov.br/webservices/nfenw/NfeInutilizacao2.asmx</NfeInutilizacao>
      <NfeConsulta method="nfeConsultaNF2" version="2.01">https://nfe.sefaz.ba.gov.br/webservices/nfenw/NfeConsulta2.asmx</NfeConsulta>
      <NfeStatusServico method="nfeStatusServicoNF2" version="2.00">https://nfe.sefaz.ba.gov.br/webservices/nfenw/NfeStatusServico2.asmx</NfeStatusServico>
      <CadConsultaCadastro method="consultaCadastro2" version="2.00">https://nfe.sefaz.ba.gov.br/webservices/nfenw/CadConsultaCadastro2.asmx</CadConsultaCadastro>
      <RecepcaoEvento method="nfeRecepcaoEvento" version="1.00">https://nfe.sefaz.ba.gov.br/webservices/sre/RecepcaoEvento.asmx</RecepcaoEvento>
      <NfeConsultaDest method="nfeConsultaNFDest" version="1.01">https://www.nfe.fazenda.gov.br/NFeConsultaDest/NFeConsultaDest.asmx</NfeConsultaDest>
      <NfeDownloadNF method="nfeDownloadNF" version="1.00"/>
    </producao>
  </UF>
  <UF>
    <sigla>CE</sigla>
    <homologacao>
      <NfeRecepcao method="nfeRecepcaoLote2" version="2.00">https://nfeh.sefaz.ce.gov.br/nfe2/services/NfeRecepcao2</NfeRecepcao>
      <NfeRetRecepcao method="nfeRetRecepcao2" version="2.00">https://nfeh.sefaz.ce.gov.br/nfe2/services/NfeRetRecepcao2</NfeRetRecepcao>
      <NfeCancelamento method="nfeCancelamentoNF2" version="2.00">https://nfeh.sefaz.ce.gov.br/nfe2/services/NfeCancelamento2</NfeCancelamento>
      <NfeInutilizacao method="nfeInutilizacaoNF2" version="2.00">https://nfeh.sefaz.ce.gov.br/nfe2/services/NfeInutilizacao2</NfeInutilizacao>
      <NfeConsulta method="nfeConsultaNF2" version="2.01">https://nfeh.sefaz.ce.gov.br/nfe2/services/NfeConsulta2</NfeConsulta>
      <NfeStatusServico method="nfeStatusServicoNF2" version="2.00">https://nfeh.sefaz.ce.gov.br/nfe2/services/NfeStatusServico2</NfeStatusServico>
      <CadConsultaCadastro method="consultaCadastro2" version="2.00">https://nfeh.sefaz.ce.gov.br/nfe2/services/CadConsultaCadastro2</CadConsultaCadastro>
      <RecepcaoEvento method="nfeRecepcaoEvento" version="1.00">https://nfeh.sefaz.ce.gov.br/nfe2/services/RecepcaoEvento</RecepcaoEvento>
      <NfeConsultaDest method="nfeConsultaNFDest" version="1.01">https://hom.nfe.fazenda.gov.br/NFeConsultaDest/NFeConsultaDest.asmx</NfeConsultaDest>
      <NfeDownloadNF method="nfeDownloadNF" version="1.00"/>
    </homologacao>
    <producao>
      <NfeRecepcao method="nfeRecepcaoLote2" version="2.00">https://nfe.sefaz.ce.gov.br/nfe2/services/NfeRecepcao2</NfeRecepcao>
      <NfeRetRecepcao method="nfeRetRecepcao2" version="2.00">https://nfe.sefaz.ce.gov.br/nfe2/services/NfeRetRecepcao2</NfeRetRecepcao>
      <NfeCancelamento method="nfeCancelamentoNF2" version="2.00">https://nfe.sefaz.ce.gov.br/nfe2/services/NfeCancelamento2</NfeCancelamento>
      <NfeInutilizacao method="nfeInutilizacaoNF2" version="2.00">https://nfe.sefaz.ce.gov.br/nfe2/services/NfeInutilizacao2</NfeInutilizacao>
      <NfeConsulta method="nfeConsultaNF2" version="2.01">https://nfe.sefaz.ce.gov.br/nfe2/services/NfeConsulta2</NfeConsulta>
      <NfeStatusServico method="nfeStatusServicoNF2" version="2.00">https://nfe.sefaz.ce.gov.br/nfe2/services/NfeStatusServico2</NfeStatusServico>
      <CadConsultaCadastro method="consultaCadastro2" version="2.00">https://nfe.sefaz.ce.gov.br/nfe2/services/CadConsultaCadastro2</CadConsultaCadastro>
      <RecepcaoEvento method="nfeRecepcaoEvento" version="1.00">https://nfe.sefaz.ce.gov.br/nfe2/services/RecepcaoEvento</RecepcaoEvento>
      <NfeConsultaDest method="nfeConsultaNFDest" version="1.01">https://www.nfe.fazenda.gov.br/NFeConsultaDest/NFeConsultaDest.asmx</NfeConsultaDest>
      <NfeDownloadNF method="nfeDownloadNF" version="1.00"/>
    </producao>
  </UF>
  <UF>
    <sigla>ES</sigla>
    <homologacao>
      <CadConsultaCadastro method="consultaCadastro2" version="2.00">https://homologacao.sefaz.es.gov.br/ConsultaCadastroService/WSConsultaCadastro.asmx</CadConsultaCadastro>        
	  <NfeConsultaDest method="nfeConsultaNFDest" version="1.01">https://hom.nfe.fazenda.gov.br/NFeConsultaDest/NFeConsultaDest.asmx</NfeConsultaDest>
    </homologacao>      
    <producao>
      <CadConsultaCadastro method="consultaCadastro2" version="2.00">https://app.sefaz.es.gov.br/ConsultaCadastroService/WSConsultaCadastro.asmx</CadConsultaCadastro>
	  <NfeConsultaDest method="nfeConsultaNFDest" version="1.01">https://www.nfe.fazenda.gov.br/NFeConsultaDest/NFeConsultaDest.asmx</NfeConsultaDest>
    </producao>    
  </UF>    
  <UF>
    <sigla>GO</sigla>
    <homologacao>
      <NfeRecepcao method="nfeRecepcaoLote2" version="2.00">https://homolog.sefaz.go.gov.br/nfe/services/v2/NfeRecepcao2</NfeRecepcao>
      <NfeRetRecepcao method="nfeRetRecepcao2" version="2.00">https://homolog.sefaz.go.gov.br/nfe/services/v2/NfeRetRecepcao2</NfeRetRecepcao>
      <NfeCancelamento method="nfeCancelamentoNF2" version="2.00">https://homolog.sefaz.go.gov.br/nfe/services/v2/NfeCancelamento2</NfeCancelamento>
      <NfeInutilizacao method="nfeInutilizacaoNF2" version="2.00">https://homolog.sefaz.go.gov.br/nfe/services/v2/NfeInutilizacao2</NfeInutilizacao>
      <NfeConsulta method="nfeConsultaNF2" version="2.01">https://homolog.sefaz.go.gov.br/nfe/services/v2/NfeConsulta2</NfeConsulta>
      <NfeStatusServico method="nfeStatusServicoNF2" version="2.00">https://homolog.sefaz.go.gov.br/nfe/services/v2/NfeStatusServico2</NfeStatusServico>
      <CadConsultaCadastro method="consultaCadastro2" version="2.00">https://homolog.sefaz.go.gov.br/nfe/services/v2/CadConsultaCadastro2</CadConsultaCadastro>
      <RecepcaoEvento method="nfeRecepcaoEvento" version="1.00">https://homolog.sefaz.go.gov.br/nfe/services/v2/NfeRecepcaoEvento</RecepcaoEvento>
      <NfeConsultaDest method="nfeConsultaNFDest" version="1.01">https://hom.nfe.fazenda.gov.br/NFeConsultaDest/NFeConsultaDest.asmx</NfeConsultaDest>
      <NfeDownloadNF method="nfeDownloadNF" version="1.00"/>
    </homologacao>
    <producao>
      <NfeRecepcao method="nfeRecepcaoLote2" version="2.00">https://nfe.sefaz.go.gov.br/nfe/services/v2/NfeRecepcao2</NfeRecepcao>
      <NfeRetRecepcao method="nfeRetRecepcao2" version="2.00">https://nfe.sefaz.go.gov.br/nfe/services/v2/NfeRetRecepcao2</NfeRetRecepcao>
      <NfeCancelamento method="nfeCancelamentoNF2" version="2.00">https://nfe.sefaz.go.gov.br/nfe/services/v2/NfeCancelamento2</NfeCancelamento>
      <NfeInutilizacao method="nfeInutilizacaoNF2" version="2.00">https://nfe.sefaz.go.gov.br/nfe/services/v2/NfeInutilizacao2</NfeInutilizacao>
      <NfeConsulta method="nfeConsultaNF2" version="2.01">https://nfe.sefaz.go.gov.br/nfe/services/v2/NfeConsulta2</NfeConsulta>
      <NfeStatusServico method="nfeStatusServicoNF2" version="2.00">https://nfe.sefaz.go.gov.br/nfe/services/v2/NfeStatusServico2</NfeStatusServico>
      <CadConsultaCadastro method="consultaCadastro2" version="2.00">https://nfe.sefaz.go.gov.br/nfe/services/v2/CadConsultaCadastro2</CadConsultaCadastro>
      <RecepcaoEvento method="nfeRecepcaoEvento" version="1.00">https://nfe.sefaz.go.gov.br/nfe/services/v2/NfeRecepcaoEvento</RecepcaoEvento>
      <NfeConsultaDest method="nfeConsultaNFDest" version="1.01">https://www.nfe.fazenda.gov.br/NFeConsultaDest/NFeConsultaDest.asmx</NfeConsultaDest>
      <NfeDownloadNF method="nfeDownloadNF" version="1.00"/>
    </producao>
  </UF>
  <UF>
    <sigla>MG</sigla>
    <homologacao>
      <NfeRecepcao method="nfeRecepcaoLote2" version="2.00">https://hnfe.fazenda.mg.gov.br/nfe2/services/NfeRecepcao2</NfeRecepcao>
      <NfeRetRecepcao method="nfeRetRecepcao2" version="2.00">https://hnfe.fazenda.mg.gov.br/nfe2/services/NfeRetRecepcao2</NfeRetRecepcao>
      <NfeCancelamento method="nfeCancelamentoNF2" version="2.00">https://hnfe.fazenda.mg.gov.br/nfe2/services/NfeCancelamento2</NfeCancelamento>
      <NfeInutilizacao method="nfeInutilizacaoNF2" version="2.00">https://hnfe.fazenda.mg.gov.br/nfe2/services/NfeInutilizacao2</NfeInutilizacao>
      <NfeConsulta method="nfeConsultaNF2" version="2.01">https://hnfe.fazenda.mg.gov.br/nfe2/services/NfeConsulta2</NfeConsulta>
      <NfeStatusServico method="nfeStatusServicoNF2" version="2.00">https://hnfe.fazenda.mg.gov.br/nfe2/services/NfeStatus2</NfeStatusServico>
      <CadConsultaCadastro method="consultaCadastro2" version="2.00">https://hnfe.fazenda.mg.gov.br/nfe2/services/cadconsultacadastro2</CadConsultaCadastro>
      <RecepcaoEvento method="nfeRecepcaoEvento" version="1.00">https://hnfe.fazenda.mg.gov.br/nfe2/services/RecepcaoEvento</RecepcaoEvento>
      <NfeConsultaDest method="nfeConsultaNFDest" version="1.01">https://hom.nfe.fazenda.gov.br/NFeConsultaDest/NFeConsultaDest.asmx</NfeConsultaDest>
      <NfeDownloadNF method="nfeDownloadNF" version="1.00"/>
    </homologacao>
    <producao>
      <NfeRecepcao method="nfeRecepcaoLote2" version="2.00">https://nfe.fazenda.mg.gov.br/nfe2/services/NfeRecepcao2</NfeRecepcao>
      <NfeRetRecepcao method="nfeRetRecepcao2" version="2.00">https://nfe.fazenda.mg.gov.br/nfe2/services/NfeRetRecepcao2</NfeRetRecepcao>
      <NfeCancelamento method="nfeCancelamentoNF2" version="2.00">https://nfe.fazenda.mg.gov.br/nfe2/services/NfeCancelamento2</NfeCancelamento>
      <NfeInutilizacao method="nfeInutilizacaoNF2" version="2.00">https://nfe.fazenda.mg.gov.br/nfe2/services/NfeInutilizacao2</NfeInutilizacao>
      <NfeConsulta method="nfeConsultaNF2" version="2.01">https://nfe.fazenda.mg.gov.br/nfe2/services/NfeConsulta2</NfeConsulta>
      <NfeStatusServico method="nfeStatusServicoNF2" version="2.00">https://nfe.fazenda.mg.gov.br/nfe2/services/NfeStatusServico2</NfeStatusServico>
      <CadConsultaCadastro method="consultaCadastro2" version="2.00">https://nfe.fazenda.mg.gov.br/nfe2/services/cadconsultacadastro2</CadConsultaCadastro>
      <RecepcaoEvento method="nfeRecepcaoEvento" version="1.00">https://nfe.fazenda.mg.gov.br/nfe2/services/RecepcaoEvento</RecepcaoEvento>
      <NfeConsultaDest method="nfeConsultaNFDest" version="1.01">https://www.nfe.fazenda.gov.br/NFeConsultaDest/NFeConsultaDest.asmx</NfeConsultaDest>
      <NfeDownloadNF method="nfeDownloadNF" version="1.00"/>
    </producao>
  </UF>
  <UF>
    <sigla>MS</sigla>
    <homologacao>
      <NfeRecepcao method="nfeRecepcaoLote2" version="2.00">https://homologacao.nfe.ms.gov.br/homologacao/services2/NfeRecepcao2</NfeRecepcao>
      <NfeRetRecepcao method="nfeRetRecepcao2" version="2.00">https://homologacao.nfe.ms.gov.br/homologacao/services2/NfeRetRecepcao2</NfeRetRecepcao>
      <NfeCancelamento method="nfeCancelamentoNF2" version="2.00">https://homologacao.nfe.ms.gov.br/homologacao/services2/NfeCancelamento2</NfeCancelamento>
      <NfeInutilizacao method="nfeInutilizacaoNF2" version="2.00">https://homologacao.nfe.ms.gov.br/homologacao/services2/NfeInutilizacao2</NfeInutilizacao>
      <NfeConsulta method="nfeConsultaNF2" version="2.01">https://homologacao.nfe.ms.gov.br/homologacao/services2/NfeConsulta2</NfeConsulta>
      <NfeStatusServico method="nfeStatusServicoNF2" version="2.00">https://homologacao.nfe.ms.gov.br/homologacao/services2/NfeStatusServico2</NfeStatusServico>
      <CadConsultaCadastro method="consultaCadastro2" version="2.00">https://homologacao.nfe.ms.gov.br/homologacao/services2/CadConsultaCadastro2</CadConsultaCadastro>
      <RecepcaoEvento method="nfeRecepcaoEvento" version="1.00">https://homologacao.nfe.ms.gov.br/homologacao/services2/RecepcaoEvento</RecepcaoEvento>
      <NfeConsultaDest method="nfeConsultaNFDest" version="1.01">https://hom.nfe.fazenda.gov.br/NFeConsultaDest/NFeConsultaDest.asmx</NfeConsultaDest>
      <NfeDownloadNF method="nfeDownloadNF" version="1.00"/>
    </homologacao>
    <producao>
      <NfeRecepcao method="nfeRecepcaoLote2" version="2.00">https://nfe.fazenda.ms.gov.br/producao/services2/NfeRecepcao2</NfeRecepcao>
      <NfeRetRecepcao method="nfeRetRecepcao2" version="2.00">https://nfe.fazenda.ms.gov.br/producao/services2/NfeRetRecepcao2</NfeRetRecepcao>
      <NfeCancelamento method="nfeCancelamentoNF2" version="2.00">https://nfe.fazenda.ms.gov.br/producao/services2/NfeCancelamento2</NfeCancelamento>
      <NfeInutilizacao method="nfeInutilizacaoNF2" version="2.00">https://nfe.fazenda.ms.gov.br/producao/services2/NfeInutilizacao2</NfeInutilizacao>
      <NfeConsulta method="nfeConsultaNF2" version="2.01">https://nfe.fazenda.ms.gov.br/producao/services2/NfeConsulta2</NfeConsulta>
      <NfeStatusServico method="nfeStatusServicoNF2" version="2.00">https://nfe.fazenda.ms.gov.br/producao/services2/NfeStatusServico2</NfeStatusServico>
      <CadConsultaCadastro method="consultaCadastro2" version="2.00">https://nfe.fazenda.ms.gov.br/producao/services2/CadConsultaCadastro2</CadConsultaCadastro>
      <RecepcaoEvento method="nfeRecepcaoEvento" version="1.00">https://nfe.fazenda.ms.gov.br/producao/services2/NfeRecepcaoEvento</RecepcaoEvento>
      <NfeConsultaDest method="nfeConsultaNFDest" version="1.01">https://www.nfe.fazenda.gov.br/NFeConsultaDest/NFeConsultaDest.asmx</NfeConsultaDest>
      <NfeDownloadNF method="nfeDownloadNF" version="1.00"/>
    </producao>
  </UF>
  <UF>
    <sigla>MT</sigla>
    <homologacao>
      <NfeRecepcao method="nfeRecepcaoLote2" version="2.00">https://homologacao.sefaz.mt.gov.br/nfews/v2/services/NfeRecepcao2</NfeRecepcao>
      <NfeRetRecepcao method="nfeRetRecepcao2" version="2.00">https://homologacao.sefaz.mt.gov.br/nfews/v2/services/NfeRetRecepcao2</NfeRetRecepcao>
      <NfeCancelamento method="nfeCancelamentoNF2" version="2.00">https://homologacao.sefaz.mt.gov.br/nfews/v2/services/NfeCancelamento2</NfeCancelamento>
      <NfeInutilizacao method="nfeInutilizacaoNF2" version="2.00">https://homologacao.sefaz.mt.gov.br/nfews/v2/services/NfeInutilizacao2</NfeInutilizacao>
      <NfeConsulta method="nfeConsultaNF2" version="2.01">https://homologacao.sefaz.mt.gov.br/nfews/v2/services/NfeConsulta2</NfeConsulta>
      <NfeStatusServico method="nfeStatusServicoNF2" version="2.00">https://homologacao.sefaz.mt.gov.br/nfews/v2/services/NfeStatusServico2</NfeStatusServico>
      <CadConsultaCadastro method="consultaCadastro2" version="2.00">https://homologacao.sefaz.mt.gov.br/nfews/v2/services/CadConsultaCadastro2</CadConsultaCadastro>
      <RecepcaoEvento method="nfeRecepcaoEvento" version="1.00">https://homologacao.sefaz.mt.gov.br/nfews/v2/services/RecepcaoEvento</RecepcaoEvento>
      <NfeConsultaDest method="nfeConsultaNFDest" version="1.01">https://hom.nfe.fazenda.gov.br/NFeConsultaDest/NFeConsultaDest.asmx</NfeConsultaDest>
      <NfeDownloadNF method="nfeDownloadNF" version="1.00"/>
    </homologacao>
    <producao>
      <NfeRecepcao method="nfeRecepcaoLote2" version="2.00">https://nfe.sefaz.mt.gov.br/nfews/v2/services/NfeRecepcao2</NfeRecepcao>
      <NfeRetRecepcao method="nfeRetRecepcao2" version="2.00">https://nfe.sefaz.mt.gov.br/nfews/v2/services/NfeRetRecepcao2</NfeRetRecepcao>
      <NfeCancelamento method="nfeCancelamentoNF2" version="2.00">https://nfe.sefaz.mt.gov.br/nfews/v2/services/NfeCancelamento2</NfeCancelamento>
      <NfeInutilizacao method="nfeInutilizacaoNF2" version="2.00">https://nfe.sefaz.mt.gov.br/nfews/v2/services/NfeInutilizacao2</NfeInutilizacao>
      <NfeConsulta method="nfeConsultaNF2" version="2.01">https://nfe.sefaz.mt.gov.br/nfews/v2/services/NfeConsulta2</NfeConsulta>
      <NfeStatusServico method="nfeStatusServicoNF2" version="2.00">https://nfe.sefaz.mt.gov.br/nfews/v2/services/NfeStatusServico2</NfeStatusServico>
      <CadConsultaCadastro method="consultaCadastro2" version="2.00">https://nfe.sefaz.mt.gov.br/nfews/v2/services/CadConsultaCadastro2</CadConsultaCadastro>
      <RecepcaoEvento method="nfeRecepcaoEvento" version="1.00">https://nfe.sefaz.mt.gov.br/nfews/v2/services/RecepcaoEvento</RecepcaoEvento>
      <NfeConsultaDest method="nfeConsultaNFDest" version="1.01">https://www.nfe.fazenda.gov.br/NFeConsultaDest/NFeConsultaDest.asmx</NfeConsultaDest>
      <NfeDownloadNF method="nfeDownloadNF" version="1.00"/>
    </producao>
  </UF>
  <UF>
    <sigla>PE</sigla>
    <homologacao>
      <NfeRecepcao method="nfeRecepcaoLote2" version="2.00">https://nfehomolog.sefaz.pe.gov.br/nfe-service/services/NfeRecepcao2</NfeRecepcao>
      <NfeRetRecepcao method="nfeRetRecepcao2" version="2.00">https://nfehomolog.sefaz.pe.gov.br/nfe-service/services/NfeRetRecepcao2</NfeRetRecepcao>
      <NfeCancelamento method="nfeCancelamentoNF2" version="2.00">https://nfehomolog.sefaz.pe.gov.br/nfe-service/services/NfeCancelamento2</NfeCancelamento>
      <NfeInutilizacao method="nfeInutilizacaoNF2" version="2.00">https://nfehomolog.sefaz.pe.gov.br/nfe-service/services/NfeInutilizacao2</NfeInutilizacao>
      <NfeConsulta method="nfeConsultaNF2" version="2.01">https://nfehomolog.sefaz.pe.gov.br/nfe-service/services/NfeConsulta2</NfeConsulta>
      <NfeStatusServico method="nfeStatusServicoNF2" version="2.00">https://nfehomolog.sefaz.pe.gov.br/nfe-service/services/NfeStatusServico2</NfeStatusServico>
      <CadConsultaCadastro method="consultaCadastro2" version="2.00"/>
      <RecepcaoEvento method="nfeRecepcaoEvento" version="1.00">https://nfehomolog.sefaz.pe.gov.br/nfe-service/services/RecepcaoEvento</RecepcaoEvento>
      <NfeConsultaDest method="nfeConsultaNFDest" version="1.01">https://hom.nfe.fazenda.gov.br/NFeConsultaDest/NFeConsultaDest.asmx</NfeConsultaDest>
      <NfeDownloadNF method="nfeDownloadNF" version="1.00"/>
    </homologacao>
    <producao>
      <NfeRecepcao method="nfeRecepcaoLote2" version="2.00">https://nfe.sefaz.pe.gov.br/nfe-service/services/NfeRecepcao2</NfeRecepcao>
      <NfeRetRecepcao method="nfeRetRecepcao2" version="2.00">https://nfe.sefaz.pe.gov.br/nfe-service/services/NfeRetRecepcao2</NfeRetRecepcao>
      <NfeCancelamento method="nfeCancelamentoNF2" version="2.00">https://nfe.sefaz.pe.gov.br/nfe-service/services/NfeCancelamento2</NfeCancelamento>
      <NfeInutilizacao method="nfeInutilizacaoNF2" version="2.00">https://nfe.sefaz.pe.gov.br/nfe-service/services/NfeInutilizacao2</NfeInutilizacao>
      <NfeConsulta method="nfeConsultaNF2" version="2.01">https://nfe.sefaz.pe.gov.br/nfe-service/services/NfeConsulta2</NfeConsulta>
      <NfeStatusServico method="nfeStatusServicoNF2" version="2.00">https://nfe.sefaz.pe.gov.br/nfe-service/services/NfeStatusServico2</NfeStatusServico>
      <CadConsultaCadastro method="consultaCadastro2" version="2.00">https://nfe.sefaz.pe.gov.br/nfe-service/services/CadConsultaCadastro2</CadConsultaCadastro>
      <RecepcaoEvento method="nfeRecepcaoEvento" version="1.00">https://nfe.sefaz.pe.gov.br/nfe-service/services/RecepcaoEvento</RecepcaoEvento>
      <NfeConsultaDest method="nfeConsultaNFDest" version="1.01">https://www.nfe.fazenda.gov.br/NFeConsultaDest/NFeConsultaDest.asmx</NfeConsultaDest>
      <NfeDownloadNF method="nfeDownloadNF" version="1.00"/>
    </producao>
  </UF>
  <UF>
    <sigla>PR</sigla>
    <homologacao>
      <NfeRecepcao method="nfeRecepcaoLote2" version="2.00">https://homologacao.nfe2.fazenda.pr.gov.br/nfe/NFeRecepcao2</NfeRecepcao>
      <NfeRetRecepcao method="nfeRetRecepcao2" version="2.00">https://homologacao.nfe2.fazenda.pr.gov.br/nfe/NFeRetRecepcao2</NfeRetRecepcao>
      <NfeCancelamento method="nfeCancelamentoNF2" version="2.00">https://homologacao.nfe2.fazenda.pr.gov.br/nfe/NFeCancelamento2</NfeCancelamento>
      <NfeInutilizacao method="nfeInutilizacaoNF2" version="2.00">https://homologacao.nfe2.fazenda.pr.gov.br/nfe/NFeInutilizacao2</NfeInutilizacao>
      <NfeConsulta method="nfeConsultaNF2" version="2.01">https://homologacao.nfe2.fazenda.pr.gov.br/nfe/NFeConsulta2</NfeConsulta>
      <NfeStatusServico method="nfeStatusServicoNF2" version="2.00">https://homologacao.nfe2.fazenda.pr.gov.br/nfe/NFeStatusServico2</NfeStatusServico>
      <CadConsultaCadastro method="consultaCadastro2" version="2.00">https://homologacao.nfe2.fazenda.pr.gov.br/nfe/CadConsultaCadastro2</CadConsultaCadastro>
      <RecepcaoEvento method="nfeRecepcaoEvento2" version="1.00">https://homologacao.nfe2.fazenda.pr.gov.br/nfe-evento/NFeRecepcaoEvento?wsdl</RecepcaoEvento>
      <NfeConsultaDest method="nfeConsultaNFDest" version="1.01">https://hom.nfe.fazenda.gov.br/NFeConsultaDest/NFeConsultaDest.asmx</NfeConsultaDest>
      <NfeDownloadNF method="nfeDownloadNF" version="1.00"/>
    </homologacao>
    <producao>
      <NfeRecepcao method="nfeRecepcaoLote2" version="2.00">https://nfe2.fazenda.pr.gov.br/nfe/NFeRecepcao2</NfeRecepcao>
      <NfeRetRecepcao method="nfeRetRecepcao2" version="2.00">https://nfe2.fazenda.pr.gov.br/nfe/NFeRetRecepcao2</NfeRetRecepcao>
      <NfeCancelamento method="nfeCancelamentoNF2" version="2.00">https://nfe2.fazenda.pr.gov.br/nfe/NFeCancelamento2</NfeCancelamento>
      <NfeInutilizacao method="nfeInutilizacaoNF2" version="2.00">https://nfe2.fazenda.pr.gov.br/nfe/NFeInutilizacao2</NfeInutilizacao>
      <NfeConsulta method="nfeConsultaNF2" version="2.01">https://nfe2.fazenda.pr.gov.br/nfe/NFeConsulta2</NfeConsulta>
      <NfeStatusServico method="nfeStatusServicoNF2" version="2.00">https://nfe2.fazenda.pr.gov.br/nfe/NFeStatusServico2</NfeStatusServico>
      <CadConsultaCadastro method="consultaCadastro2" version="2.00">https://nfe2.fazenda.pr.gov.br/nfe/CadConsultaCadastro2</CadConsultaCadastro>
      <RecepcaoEvento method="nfeRecepcaoEvento" version="1.00">https://nfe2.fazenda.pr.gov.br/nfe-evento/NFeRecepcaoEvento</RecepcaoEvento>
      <NfeConsultaDest method="nfeConsultaNFDest" version="1.01">https://www.nfe.fazenda.gov.br/NFeConsultaDest/NFeConsultaDest.asmx</NfeConsultaDest>
      <NfeDownloadNF method="nfeDownloadNF" version="1.00"/>
    </producao>
  </UF>
  <UF>
    <sigla>RN</sigla>
    <homologacao>
      <CadConsultaCadastro method="consultaCadastro2" version="2.00">https://webservice.set.rn.gov.br/projetonfehomolog/set_nfe/servicos/CadConsultaCadastroWS.asmx</CadConsultaCadastro>
	  <NfeConsultaDest method="nfeConsultaNFDest" version="1.01">https://hom.nfe.fazenda.gov.br/NFeConsultaDest/NFeConsultaDest.asmx</NfeConsultaDest>
    </homologacao>  
    <producao>
      <CadConsultaCadastro method="consultaCadastro2" version="2.00">https://webservice.set.rn.gov.br/projetonfeprod/set_nfe/servicos/CadConsultaCadastroWS.asmx</CadConsultaCadastro>
	  <NfeConsultaDest method="nfeConsultaNFDest" version="1.01">https://www.nfe.fazenda.gov.br/NFeConsultaDest/NFeConsultaDest.asmx</NfeConsultaDest>
    </producao>
  </UF>
  <UF>
    <sigla>RS</sigla>
    <homologacao>
      <NfeRecepcao method="nfeRecepcaoLote2" version="2.00">https://homologacao.nfe.sefaz.rs.gov.br/ws/Nferecepcao/NFeRecepcao2.asmx</NfeRecepcao>
      <NfeRetRecepcao method="nfeRetRecepcao2" version="2.00">https://homologacao.nfe.sefaz.rs.gov.br/ws/NfeRetRecepcao/NfeRetRecepcao2.asmx</NfeRetRecepcao>
      <NfeCancelamento method="nfeCancelamentoNF2" version="2.00">https://homologacao.nfe.sefaz.rs.gov.br/ws/NfeCancelamento/NfeCancelamento2.asmx</NfeCancelamento>
      <NfeInutilizacao method="nfeInutilizacaoNF2" version="2.00">https://homologacao.nfe.sefaz.rs.gov.br/ws/nfeinutilizacao/nfeinutilizacao2.asmx</NfeInutilizacao>
      <NfeConsulta method="nfeConsultaNF2" version="2.01">https://homologacao.nfe.sefaz.rs.gov.br/ws/NfeConsulta/NfeConsulta2.asmx</NfeConsulta>
      <NfeStatusServico method="nfeStatusServicoNF2" version="2.00">https://homologacao.nfe.sefaz.rs.gov.br/ws/NfeStatusServico/NfeStatusServico2.asmx</NfeStatusServico>
      <CadConsultaCadastro method="consultaCadastro2" version="2.00"/>
      <RecepcaoEvento method="nfeRecepcaoEvento" version="1.00">https://homologacao.nfe.sefaz.rs.gov.br/ws/recepcaoevento/recepcaoevento.asmx</RecepcaoEvento>
      <NfeConsultaDest method="nfeConsultaNFDest" version="1.00">https://homologacao.nfe.sefaz.rs.gov.br/ws/nfeConsultaDest/nfeConsultaDest.asmx</NfeConsultaDest>
      <NfeDownloadNF method="nfeDownloadNF" version="1.00">https://homologacao.nfe.sefaz.rs.gov.br/ws/nfeDownloadNF/nfeDownloadNF.asmx</NfeDownloadNF>
    </homologacao>
    <producao>
      <NfeRecepcao method="nfeRecepcaoLote2" version="2.00">https://nfe.sefaz.rs.gov.br/ws/Nferecepcao/NFeRecepcao2.asmx</NfeRecepcao>
      <NfeRetRecepcao method="nfeRetRecepcao2" version="2.00">https://nfe.sefaz.rs.gov.br/ws/NfeRetRecepcao/NfeRetRecepcao2.asmx</NfeRetRecepcao>
      <NfeCancelamento method="nfeCancelamentoNF2" version="2.00">https://nfe.sefaz.rs.gov.br/ws/NfeCancelamento/NfeCancelamento2.asmx</NfeCancelamento>
      <NfeInutilizacao method="nfeInutilizacaoNF2" version="2.00">https://nfe.sefaz.rs.gov.br/ws/nfeinutilizacao/nfeinutilizacao2.asmx</NfeInutilizacao>
      <NfeConsulta method="nfeConsultaNF2" version="2.01">https://nfe.sefaz.rs.gov.br/ws/NfeConsulta/NfeConsulta2.asmx</NfeConsulta>
      <NfeStatusServico method="nfeStatusServicoNF2" version="2.00">https://nfe.sefaz.rs.gov.br/ws/NfeStatusServico/NfeStatusServico2.asmx</NfeStatusServico>
      <CadConsultaCadastro method="consultaCadastro2" version="2.00">https://sef.sefaz.rs.gov.br/ws/cadconsultacadastro/cadconsultacadastro2.asmx</CadConsultaCadastro>
      <RecepcaoEvento method="nfeRecepcaoEvento" version="1.00">https://nfe.sefaz.rs.gov.br/ws/recepcaoevento/recepcaoevento.asmx</RecepcaoEvento>
      <NfeConsultaDest method="nfeConsultaNFDest" version="1.00">https://nfe.sefaz.rs.gov.br/ws/nfeConsultaDest/nfeConsultaDest.asmx</NfeConsultaDest>
      <NfeDownloadNF method="nfeDownloadNF" version="1.00">https://nfe.sefaz.rs.gov.br/ws/nfeDownloadNF/nfeDownloadNF.asmx</NfeDownloadNF>
    </producao>
  </UF>
  <UF>
    <sigla>SC</sigla>
    <homologacao>
      <CadConsultaCadastro method="consultaCadastro2" version="2.00">https://svp-ws.sefazvirtual.rs.gov.br/ws/CadConsultaCadastro/CadConsultaCadastro2.asmx</CadConsultaCadastro>
	  <NfeConsultaDest method="nfeConsultaNFDest" version="1.01">https://hom.nfe.fazenda.gov.br/NFeConsultaDest/NFeConsultaDest.asmx</NfeConsultaDest>
    </homologacao>
    <producao>
      <CadConsultaCadastro method="consultaCadastro2" version="2.00">https://svp-ws.sefazvirtual.rs.gov.br/ws/CadConsultaCadastro/CadConsultaCadastro2.asmx</CadConsultaCadastro>
	  <NfeConsultaDest method="nfeConsultaNFDest" version="1.01">https://www.nfe.fazenda.gov.br/NFeConsultaDest/NFeConsultaDest.asmx</NfeConsultaDest>
    </producao>
  </UF>
  <UF>
    <sigla>SP</sigla>
    <homologacao>
      <NfeRecepcao method="nfeRecepcaoLote2" version="2.00">https://homologacao.nfe.fazenda.sp.gov.br/nfeweb/services/NfeRecepcao2.asmx</NfeRecepcao>
      <NfeRetRecepcao method="nfeRetRecepcao2" version="2.00">https://homologacao.nfe.fazenda.sp.gov.br/nfeweb/services/NfeRetRecepcao2.asmx</NfeRetRecepcao>
      <NfeCancelamento method="nfeCancelamentoNF2" version="2.00">https://homologacao.nfe.fazenda.sp.gov.br/nfeweb/services/NfeCancelamento2.asmx</NfeCancelamento>
      <NfeInutilizacao method="nfeInutilizacaoNF2" version="2.00">https://homologacao.nfe.fazenda.sp.gov.br/nfeweb/services/NfeInutilizacao2.asmx</NfeInutilizacao>
      <NfeConsulta method="nfeConsultaNF2" version="2.01">https://homologacao.nfe.fazenda.sp.gov.br/nfeweb/services/NfeConsulta2.asmx</NfeConsulta>
      <NfeStatusServico method="nfeStatusServicoNF2" version="2.00">https://homologacao.nfe.fazenda.sp.gov.br/nfeweb/services/NfeStatusServico2.asmx</NfeStatusServico>
      <CadConsultaCadastro method="consultaCadastro2" version="2.00">https://homologacao.nfe.fazenda.sp.gov.br/nfeweb/services/CadConsultaCadastro2.asmx</CadConsultaCadastro>
      <RecepcaoEvento method="nfeRecepcaoEvento" version="1.00">https://homologacao.nfe.fazenda.sp.gov.br/eventosWEB/services/RecepcaoEvento.asmx</RecepcaoEvento>
      <NfeConsultaDest method="nfeConsultaNFDest" version="1.01">https://hom.nfe.fazenda.gov.br/NFeConsultaDest/NFeConsultaDest.asmx</NfeConsultaDest>
      <NfeDownloadNF method="nfeDownloadNF" version="1.00"/>
    </homologacao>
    <producao>
      <NfeRecepcao method="nfeRecepcaoLote2" version="2.00">https://nfe.fazenda.sp.gov.br/nfeweb/services/nferecepcao2.asmx</NfeRecepcao>
      <NfeRetRecepcao method="nfeRetRecepcao2" version="2.00">https://nfe.fazenda.sp.gov.br/nfeweb/services/nferetrecepcao2.asmx</NfeRetRecepcao>
      <NfeCancelamento method="nfeCancelamentoNF2" version="2.00">https://nfe.fazenda.sp.gov.br/nfeweb/services/nfecancelamento2.asmx</NfeCancelamento>
      <NfeInutilizacao method="nfeInutilizacaoNF2" version="2.00">https://nfe.fazenda.sp.gov.br/nfeweb/services/nfeinutilizacao2.asmx</NfeInutilizacao>
      <NfeConsulta method="nfeConsultaNF2" version="2.01">https://nfe.fazenda.sp.gov.br/nfeweb/services/nfeconsulta2.asmx</NfeConsulta>
      <NfeStatusServico method="nfeStatusServicoNF2" version="2.00">https://nfe.fazenda.sp.gov.br/nfeweb/services/nfestatusservico2.asmx</NfeStatusServico>
      <CadConsultaCadastro method="consultaCadastro2" version="2.00">https://nfe.fazenda.sp.gov.br/nfeweb/services/cadconsultacadastro2.asmx</CadConsultaCadastro>
      <RecepcaoEvento method="nfeRecepcaoEvento" version="1.00">https://nfe.fazenda.sp.gov.br/eventosWEB/services/RecepcaoEvento.asmx</RecepcaoEvento>
      <NfeConsultaDest method="nfeConsultaNFDest" version="1.01">https://www.nfe.fazenda.gov.br/NFeConsultaDest/NFeConsultaDest.asmx</NfeConsultaDest>
      <NfeDownloadNF method="nfeDownloadNF" version="1.00"/>
    </producao>
  </UF>
  <UF>
    <sigla>SCAN</sigla>
    <homologacao>
      <NfeRecepcao method="nfeRecepcaoLote2" version="2.00">https://hom.nfe.fazenda.gov.br/SCAN/NfeRecepcao2/NfeRecepcao2.asmx</NfeRecepcao>
      <NfeRetRecepcao method="nfeRetRecepcao2" version="2.00">https://hom.nfe.fazenda.gov.br/SCAN/NfeRetRecepcao2/NfeRetRecepcao2.asmx</NfeRetRecepcao>
      <NfeCancelamento method="nfeCancelamentoNF2" version="2.00">https://hom.nfe.fazenda.gov.br/SCAN/NfeCancelamento2/NfeCancelamento2.asmx</NfeCancelamento>
      <NfeInutilizacao method="nfeInutilizacaoNF2" version="2.00">https://hom.nfe.fazenda.gov.br/SCAN/NfeInutilizacao2/NfeInutilizacao2.asmx</NfeInutilizacao>
      <NfeConsulta method="nfeConsultaNF2" version="2.01">https://hom.nfe.fazenda.gov.br/SCAN/NfeConsulta2/NfeConsulta2.asmx</NfeConsulta>
      <NfeStatusServico method="nfeStatusServicoNF2" version="2.00">https://hom.nfe.fazenda.gov.br/SCAN/NfeStatusServico2/NfeStatusServico2.asmx</NfeStatusServico>
      <CadConsultaCadastro method="consultaCadastro2" version="2.00"/>
      <RecepcaoEvento method="nfeRecepcaoEvento" version="1.00">https://hom.nfe.fazenda.gov.br/SCAN/RecepcaoEvento/RecepcaoEvento.asmx</RecepcaoEvento>
      <NfeConsultaDest method="nfeConsultaNFDest" version="1.01">https://hom.nfe.fazenda.gov.br/NFeConsultaDest/NFeConsultaDest.asmx</NfeConsultaDest>
      <NfeDownloadNF method="nfeDownloadNF" version="1.00"/>
    </homologacao>
    <producao>
      <NfeRecepcao method="nfeRecepcaoLote2" version="2.00">https://www.scan.fazenda.gov.br/NfeRecepcao2/NfeRecepcao2.asmx</NfeRecepcao>
      <NfeRetRecepcao method="nfeRetRecepcao2" version="2.00">https://www.scan.fazenda.gov.br/NfeRetRecepcao2/NfeRetRecepcao2.asmx</NfeRetRecepcao>
      <NfeCancelamento method="nfeCancelamentoNF2" version="2.00">https://www.scan.fazenda.gov.br/NfeCancelamento2/NfeCancelamento2.asmx</NfeCancelamento>
      <NfeInutilizacao method="nfeInutilizacaoNF2" version="2.00">https://www.scan.fazenda.gov.br/NfeInutilizacao2/NfeInutilizacao2.asmx</NfeInutilizacao>
      <NfeConsulta method="nfeConsultaNF2" version="2.01">https://www.scan.fazenda.gov.br/NfeConsulta2/NfeConsulta2.asmx</NfeConsulta>
      <NfeStatusServico method="nfeStatusServicoNF2" version="2.00">https://www.scan.fazenda.gov.br/NFeStatusServico2/NFeStatusServico2.asmx</NfeStatusServico>
      <CadConsultaCadastro method="consultaCadastro2" version=""/>
      <RecepcaoEvento method="nfeRecepcaoEvento" version="1.00">https://www.scan.fazenda.gov.br/RecepcaoEvento/RecepcaoEvento.asmx</RecepcaoEvento>
      <NfeConsultaDest method="nfeConsultaNFDest" version="1.01">https://www.nfe.fazenda.gov.br/NFeConsultaDest/NFeConsultaDest.asmx</NfeConsultaDest>
      <NfeDownloadNF method="nfeDownloadNF" version="1.00"/>
    </producao>
  </UF>
  <UF>
    <sigla>SVAN</sigla>
    <homologacao>
      <NfeRecepcao method="nfeRecepcaoLote2" version="2.00">https://hom.sefazvirtual.fazenda.gov.br/NfeRecepcao2/NfeRecepcao2.asmx</NfeRecepcao>
      <NfeRetRecepcao method="nfeRetRecepcao2" version="2.00">https://hom.sefazvirtual.fazenda.gov.br/NfeRetRecepcao2/NfeRetRecepcao2.asmx</NfeRetRecepcao>
      <NfeCancelamento method="nfeCancelamentoNF2" version="2.00">https://hom.sefazvirtual.fazenda.gov.br/NfeCancelamento2/NfeCancelamento2.asmx</NfeCancelamento>
      <NfeInutilizacao method="nfeInutilizacaoNF2" version="2.00">https://hom.sefazvirtual.fazenda.gov.br/NfeInutilizacao2/NfeInutilizacao2.asmx</NfeInutilizacao>
      <NfeConsulta method="nfeConsultaNF2" version="2.01">https://hom.sefazvirtual.fazenda.gov.br/NfeConsulta2/NfeConsulta2.asmx</NfeConsulta>
      <NfeStatusServico method="nfeStatusServicoNF2" version="2.00">https://hom.sefazvirtual.fazenda.gov.br/NfeStatusServico2/NfeStatusServico2.asmx</NfeStatusServico>
      <CadConsultaCadastro method="consultaCadastro2" version="2.00"/>
      <RecepcaoEvento method="nfeRecepcaoEvento" version="1.00">https://hom.sefazvirtual.fazenda.gov.br/RecepcaoEvento/RecepcaoEvento.asmx</RecepcaoEvento>
      <NfeConsultaDest method="nfeConsultaNFDest" version="1.01">https://hom.nfe.fazenda.gov.br/NFeConsultaDest/NFeConsultaDest.asmx</NfeConsultaDest>
      <NfeDownloadNF method="nfeDownloadNF" version="1.00">https://hom.sefazvirtual.fazenda.gov.br/NfeDownloadNF/NfeDownloadNF.asmx</NfeDownloadNF>
    </homologacao>
    <producao>
      <NfeRecepcao method="nfeRecepcaoLote2" version="2.00">https://www.sefazvirtual.fazenda.gov.br/NfeRecepcao2/NfeRecepcao2.asmx</NfeRecepcao>
      <NfeRetRecepcao method="nfeRetRecepcao2" version="2.00">https://www.sefazvirtual.fazenda.gov.br/NFeRetRecepcao2/NFeRetRecepcao2.asmx</NfeRetRecepcao>
      <NfeCancelamento method="nfeCancelamentoNF2" version="2.00">https://www.sefazvirtual.fazenda.gov.br/NFeCancelamento2/NFeCancelamento2.asmx</NfeCancelamento>
      <NfeInutilizacao method="nfeInutilizacaoNF2" version="2.00">https://www.sefazvirtual.fazenda.gov.br/NFeInutilizacao2/NFeInutilizacao2.asmx</NfeInutilizacao>
      <NfeConsulta method="nfeConsultaNF2" version="2.01">https://www.sefazvirtual.fazenda.gov.br/nfeconsulta2/nfeconsulta2.asmx</NfeConsulta>
      <NfeStatusServico method="nfeStatusServicoNF2" version="2.00">https://www.sefazvirtual.fazenda.gov.br/NFeStatusServico2/NFeStatusServico2.asmx</NfeStatusServico>
      <CadConsultaCadastro method="consultaCadastro2" version="2.00"/>
      <RecepcaoEvento method="nfeRecepcaoEvento" version="1.00">https://www.sefazvirtual.fazenda.gov.br/RecepcaoEvento/RecepcaoEvento.asmx</RecepcaoEvento>
      <NfeConsultaDest method="nfeConsultaNFDest" version="1.01">https://www.nfe.fazenda.gov.br/NFeConsultaDest/NFeConsultaDest.asmx</NfeConsultaDest>
      <NfeDownloadNF method="nfeDownloadNF" version="1.00">https://www.sefazvirtual.fazenda.gov.br/NfeDownloadNF/NfeDownloadNF.asmx</NfeDownloadNF>
    </producao>
  </UF>
  <UF>
    <sigla>SVRS</sigla>
    <homologacao>
      <NfeRecepcao method="nfeRecepcaoLote2" version="2.00">https://homologacao.nfe.sefazvirtual.rs.gov.br/ws/Nferecepcao/NFeRecepcao2.asmx</NfeRecepcao>
      <NfeRetRecepcao method="nfeRetRecepcao2" version="2.00">https://homologacao.nfe.sefazvirtual.rs.gov.br/ws/NfeRetRecepcao/NfeRetRecepcao2.asmx</NfeRetRecepcao>
      <NfeCancelamento method="nfeCancelamentoNF2" version="2.00">https://homologacao.nfe.sefazvirtual.rs.gov.br/ws/NfeCancelamento/NfeCancelamento2.asmx</NfeCancelamento>
      <NfeInutilizacao method="nfeInutilizacaoNF2" version="2.00">https://homologacao.nfe.sefazvirtual.rs.gov.br/ws/NfeInutilizacao/NfeInutilizacao2.asmx</NfeInutilizacao>
      <NfeConsulta method="nfeConsultaNF2" version="2.01">https://homologacao.nfe.sefazvirtual.rs.gov.br/ws/nfeconsulta/NfeConsulta2.asmx</NfeConsulta>
      <NfeStatusServico method="nfeStatusServicoNF2" version="2.00">https://homologacao.nfe.sefazvirtual.rs.gov.br/ws/NfeStatusServico/NfeStatusServico2.asmx</NfeStatusServico>
      <CadConsultaCadastro method="consultaCadastro2" version="2.00"/>
      <RecepcaoEvento method="nfeRecepcaoEvento" version="1.00">https://homologacao.nfe.sefazvirtual.rs.gov.br/ws/recepcaoevento/recepcaoevento.asmx</RecepcaoEvento>
      <NfeConsultaDest method="nfeConsultaNFDest" version="1.01">https://hom.nfe.fazenda.gov.br/NFeConsultaDest/NFeConsultaDest.asmx</NfeConsultaDest>
      <NfeDownloadNF method="nfeDownloadNF" version="1.00"/>
    </homologacao>
    <producao>
      <NfeRecepcao method="nfeRecepcaoLote2" version="2.00">https://nfe.sefazvirtual.rs.gov.br/ws/Nferecepcao/NFeRecepcao2.asmx</NfeRecepcao>
      <NfeRetRecepcao method="nfeRetRecepcao2" version="2.00">https://nfe.sefazvirtual.rs.gov.br/ws/NfeRetRecepcao/NfeRetRecepcao2.asmx</NfeRetRecepcao>
      <NfeCancelamento method="nfeCancelamentoNF2" version="2.00">https://nfe.sefazvirtual.rs.gov.br/ws/NfeCancelamento/NfeCancelamento2.asmx</NfeCancelamento>
      <NfeInutilizacao method="nfeInutilizacaoNF2" version="2.00">https://nfe.sefazvirtual.rs.gov.br/ws/nfeinutilizacao/nfeinutilizacao2.asmx</NfeInutilizacao>
      <NfeConsulta method="nfeConsultaNF2" version="2.01">https://nfe.sefazvirtual.rs.gov.br/ws/NfeConsulta/NfeConsulta2.asmx</NfeConsulta>
      <NfeStatusServico method="nfeStatusServicoNF2" version="2.00">https://nfe.sefazvirtual.rs.gov.br/ws/NfeStatusServico/NfeStatusServico2.asmx</NfeStatusServico>
      <CadConsultaCadastro method="consultaCadastro2" version="2.00"/>
      <RecepcaoEvento method="nfeRecepcaoEvento" version="1.00">https://nfe.sefazvirtual.rs.gov.br/ws/recepcaoevento/recepcaoevento.asmx</RecepcaoEvento>
      <NfeConsultaDest method="nfeConsultaNFDest" version="1.01">https://www.nfe.fazenda.gov.br/NFeConsultaDest/NFeConsultaDest.asmx</NfeConsultaDest>
      <NfeDownloadNF method="nfeDownloadNF" version="1.00"/>
    </producao>
  </UF>
  <UF>
    <sigla>DPEC</sigla>
    <homologacao>
      <SCERecepcaoRFB method="sceRecepcaoDPEC" version="1.01">https://hom.nfe.fazenda.gov.br/SCERecepcaoRFB/SCERecepcaoRFB.asmx</SCERecepcaoRFB>
      <SCEConsultaRFB method="sceConsultaDPEC" version="1.01">https://hom.nfe.fazenda.gov.br/SCEConsultaRFB/SCEConsultaRFB.asmx</SCEConsultaRFB>
	  <NfeConsultaDest method="nfeConsultaNFDest" version="1.01">https://hom.nfe.fazenda.gov.br/NFeConsultaDest/NFeConsultaDest.asmx</NfeConsultaDest>
    </homologacao>    
    <producao>
      <SCERecepcaoRFB method="sceRecepcaoDPEC" version="1.01">https://www.nfe.fazenda.gov.br/SCERecepcaoRFB/SCERecepcaoRFB.asmx</SCERecepcaoRFB>
      <SCEConsultaRFB method="sceConsultaDPEC" version="1.01">https://www.nfe.fazenda.gov.br/SCEConsultaRFB/SCEConsultaRFB.asmx</SCEConsultaRFB>
	  <NfeConsultaDest method="nfeConsultaNFDest" version="1.01">https://www.nfe.fazenda.gov.br/NFeConsultaDest/NFeConsultaDest.asmx</NfeConsultaDest>
    </producao>
  </UF>
  <UF>
    <sigla>SVC-AN</sigla>
    <homologacao>
      <NfeRecepcao method="nfeRecepcaoLote2" version="2.00">https://hom.svc.fazenda.gov.br/NfeRecepcao2/NfeRecepcao2.asmx</NfeRecepcao>
      <NfeRetRecepcao method="nfeRetRecepcao2" version="2.00">https://hom.svc.fazenda.gov.br/NfeRetRecepcao2/NfeRetRecepcao2.asmx</NfeRetRecepcao>
      <RecepcaoEvento method="nfeRecepcaoEvento" version="1.00">https://hom.svc.fazenda.gov.br/RecepcaoEvento/RecepcaoEvento.asmx</RecepcaoEvento>
      <NfeConsulta method="nfeConsultaNF2" version="2.01">https://hom.svc.fazenda.gov.br/NfeConsulta2/NfeConsulta2.asmx</NfeConsulta>
      <NfeStatusServico method="nfeStatusServicoNF2" version="2.00">https://hom.svc.fazenda.gov.br/NfeStatusServico2/NfeStatusServico2.asmx</NfeStatusServico>
	  <NfeConsultaDest method="nfeConsultaNFDest" version="1.01">https://hom.nfe.fazenda.gov.br/NFeConsultaDest/NFeConsultaDest.asmx</NfeConsultaDest>
    </homologacao>
    <producao>
      <NfeRecepcao method="nfeRecepcaoLote2" version="2.00">https://www.svc.fazenda.gov.br/NfeRecepcao2/NfeRecepcao2.asmx</NfeRecepcao>
      <NfeRetRecepcao method="nfeRetRecepcao2" version="2.00">https://www.svc.fazenda.gov.br/NfeRetRecepcao2/NfeRetRecepcao2.asmx</NfeRetRecepcao>
      <RecepcaoEvento method="nfeRecepcaoEvento" version="1.00">https://www.svc.fazenda.gov.br/RecepcaoEvento/RecepcaoEvento.asmx</RecepcaoEvento>
      <NfeConsulta method="nfeConsultaNF2" version="2.01">https://www.svc.fazenda.gov.br/NfeConsulta2/NfeConsulta2.asmx</NfeConsulta>
      <NfeStatusServico method="nfeStatusServicoNF2" version="2.00">https://www.svc.fazenda.gov.br/NfeStatusServico2/NfeStatusServico2.asmx</NfeStatusServico>
	  <NfeConsultaDest method="nfeConsultaNFDest" version="1.01">https://www.nfe.fazenda.gov.br/NFeConsultaDest/NFeConsultaDest.asmx</NfeConsultaDest>
    </producao>
  </UF>
  <UF>
    <sigla>SVC-RS</sigla>
    <homologacao>
      <NfeRecepcao method="nfeRecepcaoLote2" version="2.00">https://homologacao.nfe.sefazvirtual.rs.gov.br/ws/Nferecepcao/NFeRecepcao2.asmx</NfeRecepcao>
      <NfeRetRecepcao method="nfeRetRecepcao2" version="2.00">https://homologacao.nfe.sefazvirtual.rs.gov.br/ws/NfeRetRecepcao/NfeRetRecepcao2.asmx</NfeRetRecepcao>
      <RecepcaoEvento method="nfeRecepcaoEvento" version="1.00">https://homologacao.nfe.sefazvirtual.rs.gov.br/ws/recepcaoevento/recepcaoevento.asmx</RecepcaoEvento>
      <NfeConsulta method="nfeConsultaNF2" version="2.01">https://homologacao.nfe.sefazvirtual.rs.gov.br/ws/NfeConsulta/NfeConsulta2.asmx</NfeConsulta>
      <NfeStatusServico method="nfeStatusServicoNF2" version="2.00">https://homologacao.nfe.sefazvirtual.rs.gov.br/ws/NfeStatusServico/NfeStatusServico2.asmx</NfeStatusServico>
	  <NfeConsultaDest method="nfeConsultaNFDest" version="1.01">https://hom.nfe.fazenda.gov.br/NFeConsultaDest/NFeConsultaDest.asmx</NfeConsultaDest>
    </homologacao>
    <producao>
      <NfeRecepcao method="nfeRecepcaoLote2" version="2.00">https://nfe.sefazvirtual.rs.gov.br/ws/Nferecepcao/NFeRecepcao2.asmx</NfeRecepcao>
      <NfeRetRecepcao method="nfeRetRecepcao2" version="2.00">https://nfe.sefazvirtual.rs.gov.br/ws/NfeRetRecepcao/NfeRetRecepcao2.asmx</NfeRetRecepcao>
      <RecepcaoEvento method="nfeRecepcaoEvento" version="1.00">https://nfe.sefazvirtual.rs.gov.br/ws/recepcaoevento/recepcaoevento.asmx</RecepcaoEvento>
      <NfeConsulta method="nfeConsultaNF2" version="2.01">https://nfe.sefazvirtual.rs.gov.br/ws/NfeConsulta/NfeConsulta2.asmx</NfeConsulta>
      <NfeStatusServico method="nfeStatusServicoNF2" version="2.00">https://nfe.sefazvirtual.rs.gov.br/ws/NfeStatusServico/NfeStatusServico2.asmx</NfeStatusServico>
	  <NfeConsultaDest method="nfeConsultaNFDest" version="1.01">https://www.nfe.fazenda.gov.br/NFeConsultaDest/NFeConsultaDest.asmx</NfeConsultaDest>
    </producao>
  </UF>
</WS>
