<?xml version="1.0" encoding="utf-8"?>
<NSU xmlns:xsi="http://www.w3.org/2001/XMLSchema-instance">
    <UF sigla="AC" tpAmb="1">
        <ultNSU>0</ultNSU>
    </UF>
    <UF sigla="AC" tpAmb="2">
        <ultNSU>0</ultNSU>
    </UF>
    <UF sigla="AL" tpAmb="1">
        <ultNSU>0</ultNSU>
    </UF>
    <UF sigla="AL" tpAmb="2">
        <ultNSU>0</ultNSU>
    </UF>
    <UF sigla="AM" tpAmb="1">
        <ultNSU>0</ultNSU>
    </UF>
    <UF sigla="AM" tpAmb="2">
        <ultNSU>0</ultNSU>
    </UF>
    <UF sigla="AN" tpAmb="1">
        <ultNSU>7271475035</ultNSU>
    </UF>
    <UF sigla="AN" tpAmb="2">
        <ultNSU>0</ultNSU>
    </UF>
    <UF sigla="AP" tpAmb="1">
        <ultNSU>0</ultNSU>
    </UF>
    <UF sigla="AP" tpAmb="2">
        <ultNSU>0</ultNSU>
    </UF>
    <UF sigla="BA" tpAmb="1">
        <ultNSU>0</ultNSU>
    </UF>
    <UF sigla="BA" tpAmb="2">
        <ultNSU>0</ultNSU>
    </UF>
    <UF sigla="CE" tpAmb="1">
        <ultNSU>0</ultNSU>
    </UF>
    <UF sigla="CE" tpAmb="2">
        <ultNSU>0</ultNSU>
    </UF>
    <UF sigla="DF" tpAmb="1">
        <ultNSU>0</ultNSU>
    </UF>
    <UF sigla="DF" tpAmb="2">
        <ultNSU>0</ultNSU>
    </UF>
    <UF sigla="ES" tpAmb="1">
        <ultNSU>0</ultNSU>
    </UF>
    <UF sigla="ES" tpAmb="2">
        <ultNSU>0</ultNSU>
    </UF>
    <UF sigla="GO" tpAmb="1">
        <ultNSU>0</ultNSU>
    </UF>
    <UF sigla="GO" tpAmb="2">
        <ultNSU>0</ultNSU>
    </UF>
    <UF sigla="MA" tpAmb="1">
        <ultNSU>0</ultNSU>
    </UF>
    <UF sigla="MA" tpAmb="2">
        <ultNSU>0</ultNSU>
    </UF>
    <UF sigla="MG" tpAmb="1">
        <ultNSU>0</ultNSU>
    </UF>
    <UF sigla="MG" tpAmb="2">
        <ultNSU>0</ultNSU>
    </UF>
    <UF sigla="MS" tpAmb="1">
        <ultNSU>0</ultNSU>
    </UF>
    <UF sigla="MS" tpAmb="2">
        <ultNSU>0</ultNSU>
    </UF>
    <UF sigla="MT" tpAmb="1">
        <ultNSU>0</ultNSU>
    </UF>
    <UF sigla="MT" tpAmb="2">
        <ultNSU>0</ultNSU>
    </UF>
    <UF sigla="PA" tpAmb="1">
        <ultNSU>0</ultNSU>
    </UF>
    <UF sigla="PA" tpAmb="2">
        <ultNSU>0</ultNSU>
    </UF>
    <UF sigla="PB" tpAmb="1">
        <ultNSU>0</ultNSU>
    </UF>
    <UF sigla="PB" tpAmb="2">
        <ultNSU>0</ultNSU>
    </UF>
    <UF sigla="PE" tpAmb="1">
        <ultNSU>0</ultNSU>
    </UF>
    <UF sigla="PE" tpAmb="2">
        <ultNSU>0</ultNSU>
    </UF>
    <UF sigla="PI" tpAmb="1">
        <ultNSU>0</ultNSU>
    </UF>
    <UF sigla="PI" tpAmb="2">
        <ultNSU>0</ultNSU>
    </UF>
    <UF sigla="PR" tpAmb="1">
        <ultNSU>0</ultNSU>
    </UF>
    <UF sigla="PR" tpAmb="2">
        <ultNSU>0</ultNSU>
    </UF>
    <UF sigla="RJ" tpAmb="1">
        <ultNSU>0</ultNSU>
    </UF>
    <UF sigla="RJ" tpAmb="2">
        <ultNSU>0</ultNSU>
    </UF>
    <UF sigla="RN" tpAmb="1">
        <ultNSU>0</ultNSU>
    </UF>
    <UF sigla="RN" tpAmb="2">
        <ultNSU>0</ultNSU>
    </UF>
    <UF sigla="RO" tpAmb="1">
        <ultNSU>0</ultNSU>
    </UF>
    <UF sigla="RO" tpAmb="2">
        <ultNSU>0</ultNSU>
    </UF>
    <UF sigla="RR" tpAmb="1">
        <ultNSU>0</ultNSU>
    </UF>
    <UF sigla="RR" tpAmb="2">
        <ultNSU>0</ultNSU>
    </UF>
    <UF sigla="RS" tpAmb="1">
        <ultNSU>0</ultNSU>
    </UF>
    <UF sigla="RS" tpAmb="2">
        <ultNSU>0</ultNSU>
    </UF>
    <UF sigla="SC" tpAmb="1">
        <ultNSU>0</ultNSU>
    </UF>
    <UF sigla="SC" tpAmb="2">
        <ultNSU>0</ultNSU>
    </UF>
    <UF sigla="SE" tpAmb="1">
        <ultNSU>0</ultNSU>
    </UF>
    <UF sigla="SE" tpAmb="2">
        <ultNSU>0</ultNSU>
    </UF>
    <UF sigla="SP" tpAmb="1">
        <ultNSU>0</ultNSU>
    </UF> 
    <UF sigla="SP" tpAmb="2">
        <ultNSU>0</ultNSU>
    </UF> 
    <UF sigla="TO" tpAmb="1">
        <ultNSU>0</ultNSU>
    </UF> 
    <UF sigla="TO" tpAmb="2">
        <ultNSU>0</ultNSU>
    </UF> 
</NSU>
